"source","target","ligand","receptor","prob","pval","interaction_name","interaction_name_2","pathway_name","annotation","evidence"
"16","16","TGFB3","TGFbR1_R2",0.000685412910173418,0,"TGFB3_TGFBR1_TGFBR2","TGFB3 - (TGFBR1+TGFBR2)","TGFb","Secreted Signaling","KEGG: hsa04350"
"16","gamma-delta T","TGFB3","TGFbR1_R2",0.00037239064031088,0,"TGFB3_TGFBR1_TGFBR2","TGFB3 - (TGFBR1+TGFBR2)","TGFb","Secreted Signaling","KEGG: hsa04350"
"gamma-delta T","16","TGFB1","ACVR1B_TGFbR2",0.00310888397376745,0.04,"TGFB1_ACVR1B_TGFBR2","TGFB1 - (ACVR1B+TGFBR2)","TGFb","Secreted Signaling","PMID: 27449815"
"IL10hi Macrophage","16","TGFB1","ACVR1B_TGFbR2",0.00545514656827443,0.01,"TGFB1_ACVR1B_TGFBR2","TGFB1 - (ACVR1B+TGFBR2)","TGFb","Secreted Signaling","PMID: 27449815"
"NK","16","TGFB1","ACVR1B_TGFbR2",0.00520332644991305,0.04,"TGFB1_ACVR1B_TGFBR2","TGFB1 - (ACVR1B+TGFBR2)","TGFb","Secreted Signaling","PMID: 27449815"
"Treg","16","TGFB1","ACVR1B_TGFbR2",0.00260600982018229,0.04,"TGFB1_ACVR1B_TGFBR2","TGFB1 - (ACVR1B+TGFBR2)","TGFb","Secreted Signaling","PMID: 27449815"
"16","16","TGFB3","ACVR1B_TGFbR2",0.000449340270143957,0,"TGFB3_ACVR1B_TGFBR2","TGFB3 - (ACVR1B+TGFBR2)","TGFb","Secreted Signaling","PMID: 27449815"
"16","16","TGFB1","ACVR1_TGFbR",0.00175150390044998,0.01,"TGFB1_ACVR1_TGFBR1","TGFB1 - (ACVR1+TGFBR1)","TGFb","Secreted Signaling","PMID: 29376829"
"DUSP4hi CD4+ T","16","TGFB1","ACVR1_TGFbR",0.00284049691322125,0.01,"TGFB1_ACVR1_TGFBR1","TGFB1 - (ACVR1+TGFBR1)","TGFb","Secreted Signaling","PMID: 29376829"
"gamma-delta T","16","TGFB1","ACVR1_TGFbR",0.00569214458506216,0,"TGFB1_ACVR1_TGFBR1","TGFB1 - (ACVR1+TGFBR1)","TGFb","Secreted Signaling","PMID: 29376829"
"IL10hi Macrophage","16","TGFB1","ACVR1_TGFbR",0.010353129340837,0,"TGFB1_ACVR1_TGFBR1","TGFB1 - (ACVR1+TGFBR1)","TGFb","Secreted Signaling","PMID: 29376829"
"NK","16","TGFB1","ACVR1_TGFbR",0.00940934836032525,0,"TGFB1_ACVR1_TGFBR1","TGFB1 - (ACVR1+TGFBR1)","TGFb","Secreted Signaling","PMID: 29376829"
"Treg","16","TGFB1","ACVR1_TGFbR",0.00470358987310713,0.01,"TGFB1_ACVR1_TGFBR1","TGFB1 - (ACVR1+TGFBR1)","TGFb","Secreted Signaling","PMID: 29376829"
"16","16","TGFB3","ACVR1_TGFbR",0.00186263714937163,0,"TGFB3_ACVR1_TGFBR1","TGFB3 - (ACVR1+TGFBR1)","TGFb","Secreted Signaling","PMID: 29376829"
"16","16","BMP2","BMPR1A_ACVR2A",0.00100156166476323,0,"BMP2_BMPR1A_ACVR2A","BMP2 - (BMPR1A+ACVR2A)","BMP","Secreted Signaling","KEGG: hsa04350; PMID:26893264"
"16","16","BMP2","BMPR1A_BMPR2",0.00206570235806738,0,"BMP2_BMPR1A_BMPR2","BMP2 - (BMPR1A+BMPR2)","BMP","Secreted Signaling","KEGG: hsa04350; PMID:26893264"
"16","16","BMP4","BMPR1A_ACVR2A",7.89985426543962e-05,0,"BMP4_BMPR1A_ACVR2A","BMP4 - (BMPR1A+ACVR2A)","BMP","Secreted Signaling","KEGG: hsa04350; PMID:26893264"
"16","16","BMP4","BMPR1A_BMPR2",0.000163177403117233,0.01,"BMP4_BMPR1A_BMPR2","BMP4 - (BMPR1A+BMPR2)","BMP","Secreted Signaling","KEGG: hsa04350; PMID:26893264"
"16","16","GDF11","TGFBR1_ACVR2A",0.00230980080980506,0,"GDF11_TGFBR1_ACVR2A","GDF11 - (TGFBR1+ACVR2A)","GDF","Secreted Signaling","KEGG: hsa04350"
"IL10hi Macrophage","16","GDF11","TGFBR1_ACVR2A",0.000751117431686901,0,"GDF11_TGFBR1_ACVR2A","GDF11 - (TGFBR1+ACVR2A)","GDF","Secreted Signaling","KEGG: hsa04350"
"16","16","GDF15","TGFBR2",0.0152731289610876,0,"GDF15_TGFBR2","GDF15 - TGFBR2","GDF","Secreted Signaling","KEGG: hsa04350"
"16","DUSP4hi CD4+ T","GDF15","TGFBR2",0.00226280361941264,0.03,"GDF15_TGFBR2","GDF15 - TGFBR2","GDF","Secreted Signaling","KEGG: hsa04350"
"16","gamma-delta T","GDF15","TGFBR2",0.00247700072002894,0.03,"GDF15_TGFBR2","GDF15 - TGFBR2","GDF","Secreted Signaling","KEGG: hsa04350"
"16","IL10hi Macrophage","GDF15","TGFBR2",0.00979958329691189,0,"GDF15_TGFBR2","GDF15 - TGFBR2","GDF","Secreted Signaling","KEGG: hsa04350"
"16","NK","GDF15","TGFBR2",0.00399374652637483,0,"GDF15_TGFBR2","GDF15 - TGFBR2","GDF","Secreted Signaling","KEGG: hsa04350"
"16","16","INHBA","ACVR1B_ACVR2A",0.00354888984187377,0,"INHBA_ACVR1B_ACVR2A","INHBA - (ACVR1B+ACVR2A)","ACTIVIN","Secreted Signaling","KEGG: hsa04350"
"gamma-delta T","16","AREG","EGFR",0.00530023191901994,0,"AREG_EGFR","AREG - EGFR","EGF","Secreted Signaling","KEGG: hsa04012"
"IL10hi Macrophage","16","AREG","EGFR",0.00127853220626675,0,"AREG_EGFR","AREG - EGFR","EGF","Secreted Signaling","KEGG: hsa04012"
"gamma-delta T","16","AREG","EGFR_ERBB2",0.00313340233976493,0,"AREG_EGFR_ERBB2","AREG - (EGFR+ERBB2)","EGF","Secreted Signaling","KEGG: hsa04012"
"IL10hi Macrophage","16","AREG","EGFR_ERBB2",0.000754598101696831,0,"AREG_EGFR_ERBB2","AREG - (EGFR+ERBB2)","EGF","Secreted Signaling","KEGG: hsa04012"
"16","16","HBEGF","EGFR",0.00644428000926793,0,"HBEGF_EGFR","HBEGF - EGFR","EGF","Secreted Signaling","KEGG: hsa04012"
"gamma-delta T","16","HBEGF","EGFR",0.0142656192595986,0,"HBEGF_EGFR","HBEGF - EGFR","EGF","Secreted Signaling","KEGG: hsa04012"
"16","16","HBEGF","EGFR_ERBB2",0.00381153529649673,0,"HBEGF_EGFR_ERBB2","HBEGF - (EGFR+ERBB2)","EGF","Secreted Signaling","KEGG: hsa04012"
"gamma-delta T","16","HBEGF","EGFR_ERBB2",0.00846476951010937,0,"HBEGF_EGFR_ERBB2","HBEGF - (EGFR+ERBB2)","EGF","Secreted Signaling","KEGG: hsa04012"
"IL10hi Macrophage","16","HBEGF","EGFR_ERBB2",7.82884296704964e-05,0,"HBEGF_EGFR_ERBB2","HBEGF - (EGFR+ERBB2)","EGF","Secreted Signaling","KEGG: hsa04012"
"gamma-delta T","16","EREG","EGFR",0.0222457724775483,0,"EREG_EGFR","EREG - EGFR","EGF","Secreted Signaling","KEGG: hsa04012"
"gamma-delta T","16","EREG","EGFR_ERBB2",0.0132435382570468,0,"EREG_EGFR_ERBB2","EREG - (EGFR+ERBB2)","EGF","Secreted Signaling","KEGG: hsa04012"
"16","16","FGF1","FGFR1",0.00585742551597754,0,"FGF1_FGFR1","FGF1 - FGFR1","FGF","Secreted Signaling","PMC: 4393358"
"16","gamma-delta T","FGF1","FGFR1",0.000350866109062005,0,"FGF1_FGFR1","FGF1 - FGFR1","FGF","Secreted Signaling","PMC: 4393358"
"16","IL10hi Macrophage","FGF1","FGFR1",0.000221670455227862,0,"FGF1_FGFR1","FGF1 - FGFR1","FGF","Secreted Signaling","PMC: 4393358"
"16","16","FGF2","FGFR1",0.0039915162290344,0,"FGF2_FGFR1","FGF2 - FGFR1","FGF","Secreted Signaling","PMC: 4393358"
"16","gamma-delta T","FGF2","FGFR1",0.000238674993341021,0,"FGF2_FGFR1","FGF2 - FGFR1","FGF","Secreted Signaling","PMC: 4393358"
"16","IL10hi Macrophage","FGF2","FGFR1",0.000150784036237532,0,"FGF2_FGFR1","FGF2 - FGFR1","FGF","Secreted Signaling","PMC: 4393358"
"16","16","FGF7","FGFR1",0.0030907308092896,0,"FGF7_FGFR1","FGF7 - FGFR1","FGF","Secreted Signaling","PMC: 4393358"
"16","gamma-delta T","FGF7","FGFR1",0.000184654999340809,0,"FGF7_FGFR1","FGF7 - FGFR1","FGF","Secreted Signaling","PMC: 4393358"
"16","IL10hi Macrophage","FGF7","FGFR1",0.000116654332867426,0,"FGF7_FGFR1","FGF7 - FGFR1","FGF","Secreted Signaling","PMC: 4393358"
"16","16","PDGFA","PDGFRA",0.002491183127061,0,"PDGFA_PDGFRA","PDGFA - PDGFRA","PDGF","Secreted Signaling","PMID: 15207812"
"16","16","PDGFA","PDGFRB",0.00826140757867735,0,"PDGFA_PDGFRB","PDGFA - PDGFRB","PDGF","Secreted Signaling","PMID: 15207812"
"16","gamma-delta T","PDGFA","PDGFRB",0.000365064628973613,0,"PDGFA_PDGFRB","PDGFA - PDGFRB","PDGF","Secreted Signaling","PMID: 15207812"
"gamma-delta T","16","PDGFB","PDGFRA",0.00207114974315483,0,"PDGFB_PDGFRA","PDGFB - PDGFRA","PDGF","Secreted Signaling","PMID: 15207812"
"gamma-delta T","16","PDGFB","PDGFRB",0.00694532213171567,0,"PDGFB_PDGFRB","PDGFB - PDGFRB","PDGF","Secreted Signaling","PMID: 15207812"
"gamma-delta T","gamma-delta T","PDGFB","PDGFRB",0.000302200624989506,0,"PDGFB_PDGFRB","PDGFB - PDGFRB","PDGF","Secreted Signaling","PMID: 15207812"
"16","16","PDGFC","PDGFRA",0.000259698270648275,0,"PDGFC_PDGFRA","PDGFC - PDGFRA","PDGF","Secreted Signaling","PMID: 15207812"
"16","16","IGF1","IGF1R",0.000337284188727812,0,"IGF1_IGF1R","IGF1 - IGF1R","IGF","Secreted Signaling","PMID: 14604834"
"gamma-delta T","16","IGF1","IGF1R",0.000608034874056772,0.01,"IGF1_IGF1R","IGF1 - IGF1R","IGF","Secreted Signaling","PMID: 14604834"
"gamma-delta T","16","IGF2","IGF1R",0.000694725616431622,0.02,"IGF2_IGF1R","IGF2 - IGF1R","IGF","Secreted Signaling","PMID: 14604834"
"IL10hi Macrophage","16","IGF2","IGF1R",0.000976782057075371,0,"IGF2_IGF1R","IGF2 - IGF1R","IGF","Secreted Signaling","PMID: 14604834"
"gamma-delta T","DUSP4hi CD4+ T","CCL4","CCR5",0.0247111396232721,0,"CCL4_CCR5","CCL4 - CCR5","CCL","Secreted Signaling","KEGG: hsa04060"
"IL10hi Macrophage","DUSP4hi CD4+ T","CCL4","CCR5",0.00572317211799674,0.01,"CCL4_CCR5","CCL4 - CCR5","CCL","Secreted Signaling","KEGG: hsa04060"
"gamma-delta T","gamma-delta T","CCL4","CCR5",0.00769294099624386,0.02,"CCL4_CCR5","CCL4 - CCR5","CCL","Secreted Signaling","KEGG: hsa04060"
"gamma-delta T","IL10hi Macrophage","CCL4","CCR5",0.00886382694234691,0,"CCL4_CCR5","CCL4 - CCR5","CCL","Secreted Signaling","KEGG: hsa04060"
"IL10hi Macrophage","IL10hi Macrophage","CCL4","CCR5",0.00202757282643523,0.02,"CCL4_CCR5","CCL4 - CCR5","CCL","Secreted Signaling","KEGG: hsa04060"
"IL10hi Macrophage","DUSP4hi CD4+ T","CCL5","CCR5",0.026594993193835,0.01,"CCL5_CCR5","CCL5 - CCR5","CCL","Secreted Signaling","KEGG: hsa04060"
"IL10hi Macrophage","IL10hi Macrophage","CCL5","CCR5",0.00955139233068433,0,"CCL5_CCR5","CCL5 - CCR5","CCL","Secreted Signaling","KEGG: hsa04060"
"gamma-delta T","DUSP4hi CD4+ T","CCL3","CCR5",0.0345653468959604,0,"CCL3_CCR5","CCL3 - CCR5","CCL","Secreted Signaling","KEGG: hsa04060"
"gamma-delta T","gamma-delta T","CCL3","CCR5",0.0108361024780824,0,"CCL3_CCR5","CCL3 - CCR5","CCL","Secreted Signaling","KEGG: hsa04060"
"gamma-delta T","IL10hi Macrophage","CCL3","CCR5",0.0124793695240187,0,"CCL3_CCR5","CCL3 - CCR5","CCL","Secreted Signaling","KEGG: hsa04060"
"gamma-delta T","NK","CCL3","CCR5",0.00667732672519817,0,"CCL3_CCR5","CCL3 - CCR5","CCL","Secreted Signaling","KEGG: hsa04060"
"gamma-delta T","DUSP4hi CD4+ T","CCL20","CCR6",0.00895609915610233,0,"CCL20_CCR6","CCL20 - CCR6","CCL","Secreted Signaling","KEGG: hsa04060"
"NK","DUSP4hi CD4+ T","CCL20","CCR6",0.000785318444707334,0.03,"CCL20_CCR6","CCL20 - CCR6","CCL","Secreted Signaling","KEGG: hsa04060"
"DUSP4hi CD4+ T","NK","CCL20","CCR6",0.00513837175286407,0.01,"CCL20_CCR6","CCL20 - CCR6","CCL","Secreted Signaling","KEGG: hsa04060"
"gamma-delta T","NK","CCL20","CCR6",0.0604637767684103,0,"CCL20_CCR6","CCL20 - CCR6","CCL","Secreted Signaling","KEGG: hsa04060"
"NK","NK","CCL20","CCR6",0.00556568771156501,0,"CCL20_CCR6","CCL20 - CCR6","CCL","Secreted Signaling","KEGG: hsa04060"
"gamma-delta T","Treg","CCL20","CCR6",0.0154239720879233,0,"CCL20_CCR6","CCL20 - CCR6","CCL","Secreted Signaling","KEGG: hsa04060"
"NK","Treg","CCL20","CCR6",0.00136055680760047,0.03,"CCL20_CCR6","CCL20 - CCR6","CCL","Secreted Signaling","KEGG: hsa04060"
"16","DUSP4hi CD4+ T","CCL21","CCR7",0.00050562811462937,0.02,"CCL21_CCR7","CCL21 - CCR7","CCL","Secreted Signaling","KEGG: hsa04060"
"16","gamma-delta T","CCL21","CCR7",0.00016761123567746,0.03,"CCL21_CCR7","CCL21 - CCR7","CCL","Secreted Signaling","KEGG: hsa04060"
"16","IL10hi Macrophage","CCL21","CCR7",0.000284931788800762,0.03,"CCL21_CCR7","CCL21 - CCR7","CCL","Secreted Signaling","KEGG: hsa04060"
"16","NK","CCL21","CCR7",0.00122975036339856,0.01,"CCL21_CCR7","CCL21 - CCR7","CCL","Secreted Signaling","KEGG: hsa04060"
"16","Treg","CCL21","CCR7",0.000893282403255056,0.01,"CCL21_CCR7","CCL21 - CCR7","CCL","Secreted Signaling","KEGG: hsa04060"
"16","gamma-delta T","CCL2","ACKR1",0.0167597716977013,0,"CCL2_ACKR1","CCL2 - ACKR1","CCL","Secreted Signaling","PMID: 26740381"
"16","IL10hi Macrophage","CCL2","ACKR1",0.0212654112193166,0,"CCL2_ACKR1","CCL2 - ACKR1","CCL","Secreted Signaling","PMID: 26740381"
"gamma-delta T","IL10hi Macrophage","CCL2","ACKR1",0.0064631949027673,0,"CCL2_ACKR1","CCL2 - ACKR1","CCL","Secreted Signaling","PMID: 26740381"
"IL10hi Macrophage","IL10hi Macrophage","CCL2","ACKR1",0.00334812273401346,0,"CCL2_ACKR1","CCL2 - ACKR1","CCL","Secreted Signaling","PMID: 26740381"
"DUSP4hi CD4+ T","IL10hi Macrophage","CCL5","ACKR1",0.0136539891659432,0.04,"CCL5_ACKR1","CCL5 - ACKR1","CCL","Secreted Signaling","PMID: 26740381"
"IL10hi Macrophage","IL10hi Macrophage","CCL5","ACKR1",0.0220874104673855,0,"CCL5_ACKR1","CCL5 - ACKR1","CCL","Secreted Signaling","PMID: 26740381"
"gamma-delta T","16","CXCL1","ACKR1",0.000211002882707782,0,"CXCL1_ACKR1","CXCL1 - ACKR1","CXCL","Secreted Signaling","PMID: 26740381"
"gamma-delta T","gamma-delta T","CXCL1","ACKR1",0.000699762506991586,0,"CXCL1_ACKR1","CXCL1 - ACKR1","CXCL","Secreted Signaling","PMID: 26740381"
"gamma-delta T","IL10hi Macrophage","CXCL1","ACKR1",0.000891800253151465,0,"CXCL1_ACKR1","CXCL1 - ACKR1","CXCL","Secreted Signaling","PMID: 26740381"
"gamma-delta T","16","CXCL2","ACKR1",0.00754422197095822,0.02,"CXCL2_ACKR1","CXCL2 - ACKR1","CXCL","Secreted Signaling","PMID: 26740381"
"16","gamma-delta T","CXCL2","ACKR1",0.0069548852245205,0.04,"CXCL2_ACKR1","CXCL2 - ACKR1","CXCL","Secreted Signaling","PMID: 26740381"
"gamma-delta T","gamma-delta T","CXCL2","ACKR1",0.0246014133805795,0,"CXCL2_ACKR1","CXCL2 - ACKR1","CXCL","Secreted Signaling","PMID: 26740381"
"16","IL10hi Macrophage","CXCL2","ACKR1",0.00884833369421215,0,"CXCL2_ACKR1","CXCL2 - ACKR1","CXCL","Secreted Signaling","PMID: 26740381"
"gamma-delta T","IL10hi Macrophage","CXCL2","ACKR1",0.0311483891229296,0,"CXCL2_ACKR1","CXCL2 - ACKR1","CXCL","Secreted Signaling","PMID: 26740381"
"gamma-delta T","16","CXCL3","ACKR1",0.00654572362426105,0.01,"CXCL3_ACKR1","CXCL3 - ACKR1","CXCL","Secreted Signaling","PMID: 26740381"
"gamma-delta T","gamma-delta T","CXCL3","ACKR1",0.0213940147849601,0,"CXCL3_ACKR1","CXCL3 - ACKR1","CXCL","Secreted Signaling","PMID: 26740381"
"gamma-delta T","IL10hi Macrophage","CXCL3","ACKR1",0.027111156039525,0,"CXCL3_ACKR1","CXCL3 - ACKR1","CXCL","Secreted Signaling","PMID: 26740381"
"gamma-delta T","16","CXCL8","ACKR1",0.00929973292083602,0.02,"CXCL8_ACKR1","CXCL8 - ACKR1","CXCL","Secreted Signaling","PMID: 26740381"
"gamma-delta T","gamma-delta T","CXCL8","ACKR1",0.0302052657414948,0,"CXCL8_ACKR1","CXCL8 - ACKR1","CXCL","Secreted Signaling","PMID: 26740381"
"gamma-delta T","IL10hi Macrophage","CXCL8","ACKR1",0.0381851673899178,0,"CXCL8_ACKR1","CXCL8 - ACKR1","CXCL","Secreted Signaling","PMID: 26740381"
"gamma-delta T","gamma-delta T","CXCL1","CXCR2",0.000372899716019483,0,"CXCL1_CXCR2","CXCL1 - CXCR2","CXCL","Secreted Signaling","KEGG: hsa04060"
"16","gamma-delta T","CXCL2","CXCR2",0.00371708952549377,0,"CXCL2_CXCR2","CXCL2 - CXCR2","CXCL","Secreted Signaling","KEGG: hsa04060"
"gamma-delta T","gamma-delta T","CXCL2","CXCR2",0.0132580870035692,0,"CXCL2_CXCR2","CXCL2 - CXCR2","CXCL","Secreted Signaling","KEGG: hsa04060"
"IL10hi Macrophage","gamma-delta T","CXCL2","CXCR2",0.000160309290858976,0,"CXCL2_CXCR2","CXCL2 - CXCR2","CXCL","Secreted Signaling","KEGG: hsa04060"
"NK","gamma-delta T","CXCL2","CXCR2",0.000126932166763467,0,"CXCL2_CXCR2","CXCL2 - CXCR2","CXCL","Secreted Signaling","KEGG: hsa04060"
"16","gamma-delta T","CXCL3","CXCR2",0.000775089533895032,0,"CXCL3_CXCR2","CXCL3 - CXCR2","CXCL","Secreted Signaling","KEGG: hsa04060"
"gamma-delta T","gamma-delta T","CXCL3","CXCR2",0.011512115207134,0,"CXCL3_CXCR2","CXCL3 - CXCR2","CXCL","Secreted Signaling","KEGG: hsa04060"
"NK","gamma-delta T","CXCL3","CXCR2",0.000290861008170836,0,"CXCL3_CXCR2","CXCL3 - CXCR2","CXCL","Secreted Signaling","KEGG: hsa04060"
"16","gamma-delta T","CXCL8","CXCR2",0.000875120740558508,0,"CXCL8_CXCR2","CXCL8 - CXCR2","CXCL","Secreted Signaling","KEGG: hsa04060"
"gamma-delta T","gamma-delta T","CXCL8","CXCR2",0.016321326303654,0,"CXCL8_CXCR2","CXCL8 - CXCR2","CXCL","Secreted Signaling","KEGG: hsa04060"
"IL10hi Macrophage","gamma-delta T","CXCL8","CXCR2",9.21007348467574e-05,0,"CXCL8_CXCR2","CXCL8 - CXCR2","CXCL","Secreted Signaling","KEGG: hsa04060"
"Treg","gamma-delta T","CXCL8","CXCR2",0.000476191178236173,0,"CXCL8_CXCR2","CXCL8 - CXCR2","CXCL","Secreted Signaling","KEGG: hsa04060"
"16","DUSP4hi CD4+ T","CXCL12","CXCR4",0.100055054881487,0,"CXCL12_CXCR4","CXCL12 - CXCR4","CXCL","Secreted Signaling","KEGG: hsa04060"
"16","IL10hi Macrophage","CXCL12","CXCR4",0.12662763644431,0,"CXCL12_CXCR4","CXCL12 - CXCR4","CXCL","Secreted Signaling","KEGG: hsa04060"
"16","NK","CXCL12","CXCR4",0.106859636031758,0,"CXCL12_CXCR4","CXCL12 - CXCR4","CXCL","Secreted Signaling","KEGG: hsa04060"
"16","Treg","CXCL12","CXCR4",0.109620206488852,0,"CXCL12_CXCR4","CXCL12 - CXCR4","CXCL","Secreted Signaling","KEGG: hsa04060"
"gamma-delta T","IL10hi Macrophage","CXCL16","CXCR6",0.00229120088986799,0,"CXCL16_CXCR6","CXCL16 - CXCR6","CXCL","Secreted Signaling","KEGG: hsa04060"
"gamma-delta T","NK","CXCL16","CXCR6",0.00194256752322855,0.03,"CXCL16_CXCR6","CXCL16 - CXCR6","CXCL","Secreted Signaling","KEGG: hsa04060"
"gamma-delta T","Treg","CXCL16","CXCR6",0.00609775137578781,0.01,"CXCL16_CXCR6","CXCL16 - CXCR6","CXCL","Secreted Signaling","KEGG: hsa04060"
"NK","IL10hi Macrophage","MIF","CD74_CXCR4",0.0143743710810207,0.03,"MIF_CD74_CXCR4","MIF - (CD74+CXCR4)","MIF","Secreted Signaling","PMID: 29637711; PMID: 24760155"
"NK","DUSP4hi CD4+ T","MIF","CD74_CD44",0.00946961906843837,0.04,"MIF_CD74_CD44","MIF - (CD74+CD44)","MIF","Secreted Signaling","PMID: 29637711; PMID: 26175090"
"NK","gamma-delta T","MIF","CD74_CD44",0.0147870800886342,0.02,"MIF_CD74_CD44","MIF - (CD74+CD44)","MIF","Secreted Signaling","PMID: 29637711; PMID: 26175090"
"16","gamma-delta T","MIF","CD74_CXCR2",0.00134469863735732,0,"MIF_CD74_CXCR2","MIF - (CD74+CXCR2)","MIF","Secreted Signaling","PMID: 29637711; PMID: 26175090"
"NK","gamma-delta T","MIF","CD74_CXCR2",0.00302894216999318,0,"MIF_CD74_CXCR2","MIF - (CD74+CXCR2)","MIF","Secreted Signaling","PMID: 29637711; PMID: 26175090"
"16","gamma-delta T","CX3CL1","CX3CR1",0.000851865370527586,0,"CX3CL1_CX3CR1","CX3CL1 - CX3CR1","CX3C","Secreted Signaling","KEGG: hsa04060"
"16","16","IL6","IL6R_IL6ST",0.00476781377454989,0,"IL6_IL6R_IL6ST","IL6 - (IL6R+IL6ST)","IL6","Secreted Signaling","KEGG: hsa04060"
"gamma-delta T","16","IL6","IL6R_IL6ST",0.00489848308679327,0,"IL6_IL6R_IL6ST","IL6 - (IL6R+IL6ST)","IL6","Secreted Signaling","KEGG: hsa04060"
"16","gamma-delta T","IL6","IL6R_IL6ST",0.00794076488882845,0,"IL6_IL6R_IL6ST","IL6 - (IL6R+IL6ST)","IL6","Secreted Signaling","KEGG: hsa04060"
"gamma-delta T","gamma-delta T","IL6","IL6R_IL6ST",0.00815768104748255,0,"IL6_IL6R_IL6ST","IL6 - (IL6R+IL6ST)","IL6","Secreted Signaling","KEGG: hsa04060"
"16","Treg","IL6","IL6R_IL6ST",0.0042202469584162,0,"IL6_IL6R_IL6ST","IL6 - (IL6R+IL6ST)","IL6","Secreted Signaling","KEGG: hsa04060"
"gamma-delta T","Treg","IL6","IL6R_IL6ST",0.00433597473631727,0,"IL6_IL6R_IL6ST","IL6 - (IL6R+IL6ST)","IL6","Secreted Signaling","KEGG: hsa04060"
"gamma-delta T","16","OSM","LIFR_IL6ST",0.0213684491166798,0,"OSM_LIFR_IL6ST","OSM - (LIFR+IL6ST)","OSM","Secreted Signaling","KEGG: hsa04060"
"gamma-delta T","16","OSM","OSMR_IL6ST",0.0280804422725092,0,"OSM_OSMR_IL6ST","OSM - (OSMR+IL6ST)","OSM","Secreted Signaling","KEGG: hsa04060"
"gamma-delta T","gamma-delta T","IL10","IL10RA_IL10RB",0.013309017639645,0,"IL10_IL10RA_IL10RB","IL10 - (IL10RA+IL10RB)","IL10","Secreted Signaling","KEGG: hsa04060"
"gamma-delta T","16","IL1A","IL1R1_IL1RAP",0.00625636972224266,0,"IL1A_IL1R1_IL1RAP","IL1A - (IL1R1+IL1RAP)","IL1","Secreted Signaling","KEGG: hsa04060"
"gamma-delta T","gamma-delta T","IL1A","IL1R1_IL1RAP",0.00450671128152804,0,"IL1A_IL1R1_IL1RAP","IL1A - (IL1R1+IL1RAP)","IL1","Secreted Signaling","KEGG: hsa04060"
"16","16","IL1B","IL1R1_IL1RAP",0.00203143722329991,0.02,"IL1B_IL1R1_IL1RAP","IL1B - (IL1R1+IL1RAP)","IL1","Secreted Signaling","KEGG: hsa04060"
"DUSP4hi CD4+ T","16","IL1B","IL1R1_IL1RAP",0.000995813189041845,0.02,"IL1B_IL1R1_IL1RAP","IL1B - (IL1R1+IL1RAP)","IL1","Secreted Signaling","KEGG: hsa04060"
"gamma-delta T","16","IL1B","IL1R1_IL1RAP",0.0246211915391495,0,"IL1B_IL1R1_IL1RAP","IL1B - (IL1R1+IL1RAP)","IL1","Secreted Signaling","KEGG: hsa04060"
"IL10hi Macrophage","16","IL1B","IL1R1_IL1RAP",0.000548832865995082,0.02,"IL1B_IL1R1_IL1RAP","IL1B - (IL1R1+IL1RAP)","IL1","Secreted Signaling","KEGG: hsa04060"
"NK","16","IL1B","IL1R1_IL1RAP",0.000787956138320688,0.02,"IL1B_IL1R1_IL1RAP","IL1B - (IL1R1+IL1RAP)","IL1","Secreted Signaling","KEGG: hsa04060"
"16","gamma-delta T","IL1B","IL1R1_IL1RAP",0.00146271180658874,0,"IL1B_IL1R1_IL1RAP","IL1B - (IL1R1+IL1RAP)","IL1","Secreted Signaling","KEGG: hsa04060"
"DUSP4hi CD4+ T","gamma-delta T","IL1B","IL1R1_IL1RAP",0.000716971898264982,0.01,"IL1B_IL1R1_IL1RAP","IL1B - (IL1R1+IL1RAP)","IL1","Secreted Signaling","KEGG: hsa04060"
"gamma-delta T","gamma-delta T","IL1B","IL1R1_IL1RAP",0.0177648033853275,0,"IL1B_IL1R1_IL1RAP","IL1B - (IL1R1+IL1RAP)","IL1","Secreted Signaling","KEGG: hsa04060"
"IL10hi Macrophage","gamma-delta T","IL1B","IL1R1_IL1RAP",0.00039513995647857,0.02,"IL1B_IL1R1_IL1RAP","IL1B - (IL1R1+IL1RAP)","IL1","Secreted Signaling","KEGG: hsa04060"
"NK","gamma-delta T","IL1B","IL1R1_IL1RAP",0.000567309506280656,0,"IL1B_IL1R1_IL1RAP","IL1B - (IL1R1+IL1RAP)","IL1","Secreted Signaling","KEGG: hsa04060"
"16","gamma-delta T","CSF1","CSF1R",0.0127740882274784,0,"CSF1_CSF1R","CSF1 - CSF1R","CSF","Secreted Signaling","KEGG: hsa04060"
"IL10hi Macrophage","gamma-delta T","IL16","CD4",0.00284488083468898,0.03,"IL16_CD4","IL16 - CD4","IL16","Secreted Signaling","KEGG: hsa04060"
"NK","gamma-delta T","IL16","CD4",0.0166510199635979,0,"IL16_CD4","IL16 - CD4","IL16","Secreted Signaling","KEGG: hsa04060"
"NK","IL10hi Macrophage","IL16","CD4",0.00500354650458265,0.02,"IL16_CD4","IL16 - CD4","IL16","Secreted Signaling","KEGG: hsa04060"
"NK","NK","IL16","CD4",0.0141438667280365,0,"IL16_CD4","IL16 - CD4","IL16","Secreted Signaling","KEGG: hsa04060"
"NK","Treg","IL16","CD4",0.00983833801147344,0.01,"IL16_CD4","IL16 - CD4","IL16","Secreted Signaling","KEGG: hsa04060"
"IL10hi Macrophage","16","IFNG","IFNGR1_IFNGR2",0.00161135029408965,0,"IFNG_IFNGR1_IFNGR2","IFNG - (IFNGR1+IFNGR2)","IFN-II","Secreted Signaling","KEGG: hsa04060"
"IL10hi Macrophage","gamma-delta T","IFNG","IFNGR1_IFNGR2",0.0023541800379279,0,"IFNG_IFNGR1_IFNGR2","IFNG - (IFNGR1+IFNGR2)","IFN-II","Secreted Signaling","KEGG: hsa04060"
"gamma-delta T","16","TNF","TNFRSF1A",0.0264606454353311,0,"TNF_TNFRSF1A","TNF - TNFRSF1A","TNF","Secreted Signaling","KEGG: hsa04060"
"IL10hi Macrophage","16","TNF","TNFRSF1A",0.00121681849004449,0.04,"TNF_TNFRSF1A","TNF - TNFRSF1A","TNF","Secreted Signaling","KEGG: hsa04060"
"gamma-delta T","gamma-delta T","TNF","TNFRSF1A",0.008615141844227,0,"TNF_TNFRSF1A","TNF - TNFRSF1A","TNF","Secreted Signaling","KEGG: hsa04060"
"gamma-delta T","DUSP4hi CD4+ T","TNF","TNFRSF1B",0.109071321082701,0,"TNF_TNFRSF1B","TNF - TNFRSF1B","TNF","Secreted Signaling","KEGG: hsa04060"
"gamma-delta T","gamma-delta T","TNF","TNFRSF1B",0.157487069209423,0,"TNF_TNFRSF1B","TNF - TNFRSF1B","TNF","Secreted Signaling","KEGG: hsa04060"
"gamma-delta T","IL10hi Macrophage","TNF","TNFRSF1B",0.0980221928485289,0,"TNF_TNFRSF1B","TNF - TNFRSF1B","TNF","Secreted Signaling","KEGG: hsa04060"
"gamma-delta T","NK","TNF","TNFRSF1B",0.0812117550437516,0,"TNF_TNFRSF1B","TNF - TNFRSF1B","TNF","Secreted Signaling","KEGG: hsa04060"
"gamma-delta T","Treg","TNF","TNFRSF1B",0.0867354294400665,0,"TNF_TNFRSF1B","TNF - TNFRSF1B","TNF","Secreted Signaling","KEGG: hsa04060"
"DUSP4hi CD4+ T","16","FASLG","FAS",0.00378761514698185,0,"FASL_FAS","FASL - FAS","FASLG","Secreted Signaling","KEGG: hsa04060"
"IL10hi Macrophage","16","FASLG","FAS",0.000276429111758976,0.01,"FASL_FAS","FASL - FAS","FASLG","Secreted Signaling","KEGG: hsa04060"
"DUSP4hi CD4+ T","IL10hi Macrophage","FASLG","FAS",0.00125366278216371,0,"FASL_FAS","FASL - FAS","FASLG","Secreted Signaling","KEGG: hsa04060"
"gamma-delta T","DUSP4hi CD4+ T","TNFSF15","TNFRSF25",0.00013608065044147,0,"TNFSF15_TNFRSF25","TNFSF15 - TNFRSF25","VEGI","Secreted Signaling","KEGG: hsa04060"
"gamma-delta T","NK","TNFSF15","TNFRSF25",0.000907754012771554,0,"TNFSF15_TNFRSF25","TNFSF15 - TNFRSF25","VEGI","Secreted Signaling","KEGG: hsa04060"
"16","16","TNFSF12","TNFRSF12A",0.00185167709824086,0,"TNFSF12_TNFRSF12A","TNFSF12 - TNFRSF12A","TWEAK","Secreted Signaling","KEGG: hsa04060"
"gamma-delta T","16","TNFSF12","TNFRSF12A",0.00113368144150951,0.01,"TNFSF12_TNFRSF12A","TNFSF12 - TNFRSF12A","TWEAK","Secreted Signaling","KEGG: hsa04060"
"NK","16","TNFSF12","TNFRSF12A",0.00165136229270828,0,"TNFSF12_TNFRSF12A","TNFSF12 - TNFRSF12A","TWEAK","Secreted Signaling","KEGG: hsa04060"
"IL10hi Macrophage","IL10hi Macrophage","TNFSF9","TNFRSF9",3.77220612607381e-05,0.01,"TNFSF9_TNFRSF9","TNFSF9 - TNFRSF9","CD137","Secreted Signaling","KEGG: hsa04060"
"gamma-delta T","16","SPP1","CD44",0.00206595050795303,0.02,"SPP1_CD44","SPP1 - CD44","SPP1","Secreted Signaling","PMID: 21907263"
"gamma-delta T","DUSP4hi CD4+ T","SPP1","CD44",0.00563048321176813,0.01,"SPP1_CD44","SPP1 - CD44","SPP1","Secreted Signaling","PMID: 21907263"
"gamma-delta T","gamma-delta T","SPP1","CD44",0.00559688665695298,0.01,"SPP1_CD44","SPP1 - CD44","SPP1","Secreted Signaling","PMID: 21907263"
"gamma-delta T","IL10hi Macrophage","SPP1","CD44",0.00579924479222996,0.01,"SPP1_CD44","SPP1 - CD44","SPP1","Secreted Signaling","PMID: 21907263"
"gamma-delta T","NK","SPP1","CD44",0.00589333760949974,0.01,"SPP1_CD44","SPP1 - CD44","SPP1","Secreted Signaling","PMID: 21907263"
"gamma-delta T","Treg","SPP1","CD44",0.00362460239280761,0.02,"SPP1_CD44","SPP1 - CD44","SPP1","Secreted Signaling","PMID: 21907263"
"gamma-delta T","16","SPP1","ITGAV_ITGB1",0.00248079983481645,0,"SPP1_ITGAV_ITGB1","SPP1 - (ITGAV+ITGB1)","SPP1","Secreted Signaling","PMID: 21907263"
"gamma-delta T","gamma-delta T","SPP1","ITGAV_ITGB1",0.000535534823313238,0,"SPP1_ITGAV_ITGB1","SPP1 - (ITGAV+ITGB1)","SPP1","Secreted Signaling","PMID: 21907263"
"gamma-delta T","NK","SPP1","ITGAV_ITGB1",0.000373593175002856,0.01,"SPP1_ITGAV_ITGB1","SPP1 - (ITGAV+ITGB1)","SPP1","Secreted Signaling","PMID: 21907263"
"gamma-delta T","16","SPP1","ITGAV_ITGB5",0.000975426718762998,0,"SPP1_ITGAV_ITGB5","SPP1 - (ITGAV+ITGB5)","SPP1","Secreted Signaling","PMID: 21907263"
"gamma-delta T","gamma-delta T","SPP1","ITGAV_ITGB5",0.000390429374021609,0,"SPP1_ITGAV_ITGB5","SPP1 - (ITGAV+ITGB5)","SPP1","Secreted Signaling","PMID: 21907263"
"gamma-delta T","DUSP4hi CD4+ T","SPP1","ITGA4_ITGB1",0.000196633221765718,0.02,"SPP1_ITGA4_ITGB1","SPP1 - (ITGA4+ITGB1)","SPP1","Secreted Signaling","PMID: 21907263"
"gamma-delta T","IL10hi Macrophage","SPP1","ITGA4_ITGB1",0.000928242713414833,0.01,"SPP1_ITGA4_ITGB1","SPP1 - (ITGA4+ITGB1)","SPP1","Secreted Signaling","PMID: 21907263"
"gamma-delta T","NK","SPP1","ITGA4_ITGB1",0.00116941611717818,0,"SPP1_ITGA4_ITGB1","SPP1 - (ITGA4+ITGB1)","SPP1","Secreted Signaling","PMID: 21907263"
"gamma-delta T","16","SPP1","ITGA9_ITGB1",0.000729853481590662,0,"SPP1_ITGA9_ITGB1","SPP1 - (ITGA9+ITGB1)","SPP1","Secreted Signaling","PMID: 21907263"
"gamma-delta T","16","SPP1","ITGA8_ITGB1",0.001274333146055,0,"SPP1_ITGA8_ITGB1","SPP1 - (ITGA8+ITGB1)","SPP1","Secreted Signaling","PMID: 21907263"
"gamma-delta T","16","SPP1","ITGA5_ITGB1",0.00234030698450204,0,"SPP1_ITGA5_ITGB1","SPP1 - (ITGA5+ITGB1)","SPP1","Secreted Signaling","PMID: 21907263"
"gamma-delta T","DUSP4hi CD4+ T","SPP1","ITGA5_ITGB1",0.000576066464670224,0.01,"SPP1_ITGA5_ITGB1","SPP1 - (ITGA5+ITGB1)","SPP1","Secreted Signaling","PMID: 21907263"
"gamma-delta T","gamma-delta T","SPP1","ITGA5_ITGB1",0.000912222108985122,0.01,"SPP1_ITGA5_ITGB1","SPP1 - (ITGA5+ITGB1)","SPP1","Secreted Signaling","PMID: 21907263"
"gamma-delta T","IL10hi Macrophage","SPP1","ITGA5_ITGB1",0.000643634085034335,0.02,"SPP1_ITGA5_ITGB1","SPP1 - (ITGA5+ITGB1)","SPP1","Secreted Signaling","PMID: 21907263"
"gamma-delta T","NK","SPP1","ITGA5_ITGB1",0.00107940803421255,0,"SPP1_ITGA5_ITGB1","SPP1 - (ITGA5+ITGB1)","SPP1","Secreted Signaling","PMID: 21907263"
"16","16","NAMPT","INSR",0.018121778087412,0,"NAMPT_INSR","NAMPT - INSR","VISFATIN","Secreted Signaling","PMID: 28490838"
"DUSP4hi CD4+ T","16","NAMPT","INSR",0.00549183535690178,0.03,"NAMPT_INSR","NAMPT - INSR","VISFATIN","Secreted Signaling","PMID: 28490838"
"gamma-delta T","16","NAMPT","INSR",0.0194020593093466,0,"NAMPT_INSR","NAMPT - INSR","VISFATIN","Secreted Signaling","PMID: 28490838"
"IL10hi Macrophage","16","NAMPT","INSR",0.00762621166360411,0,"NAMPT_INSR","NAMPT - INSR","VISFATIN","Secreted Signaling","PMID: 28490838"
"16","16","NAMPT","ITGA5_ITGB1",0.0568766535658501,0,"NAMPT_ITGA5_ITGB1","NAMPT - (ITGA5+ITGB1)","VISFATIN","Secreted Signaling","PMID: 28490838"
"gamma-delta T","16","NAMPT","ITGA5_ITGB1",0.0607255845155454,0,"NAMPT_ITGA5_ITGB1","NAMPT - (ITGA5+ITGB1)","VISFATIN","Secreted Signaling","PMID: 28490838"
"IL10hi Macrophage","16","NAMPT","ITGA5_ITGB1",0.0244954393964985,0,"NAMPT_ITGA5_ITGB1","NAMPT - (ITGA5+ITGB1)","VISFATIN","Secreted Signaling","PMID: 28490838"
"16","gamma-delta T","NAMPT","ITGA5_ITGB1",0.022934834761149,0.02,"NAMPT_ITGA5_ITGB1","NAMPT - (ITGA5+ITGB1)","VISFATIN","Secreted Signaling","PMID: 28490838"
"gamma-delta T","gamma-delta T","NAMPT","ITGA5_ITGB1",0.024546651680383,0.04,"NAMPT_ITGA5_ITGB1","NAMPT - (ITGA5+ITGB1)","VISFATIN","Secreted Signaling","PMID: 28490838"
"16","NK","NAMPT","ITGA5_ITGB1",0.0270289840248027,0.02,"NAMPT_ITGA5_ITGB1","NAMPT - (ITGA5+ITGB1)","VISFATIN","Secreted Signaling","PMID: 28490838"
"gamma-delta T","NK","NAMPT","ITGA5_ITGB1",0.0289200135779398,0,"NAMPT_ITGA5_ITGB1","NAMPT - (ITGA5+ITGB1)","VISFATIN","Secreted Signaling","PMID: 28490838"
"16","16","ANGPTL2","ITGA5_ITGB1",0.0139556028716734,0,"ANGPTL2_ITGA5_ITGB1","ANGPTL2 - (ITGA5+ITGB1)","ANGPTL","Secreted Signaling","PMID: 24478758"
"16","DUSP4hi CD4+ T","ANGPTL2","ITGA5_ITGB1",0.00346558758502043,0,"ANGPTL2_ITGA5_ITGB1","ANGPTL2 - (ITGA5+ITGB1)","ANGPTL","Secreted Signaling","PMID: 24478758"
"16","gamma-delta T","ANGPTL2","ITGA5_ITGB1",0.00547864036624313,0,"ANGPTL2_ITGA5_ITGB1","ANGPTL2 - (ITGA5+ITGB1)","ANGPTL","Secreted Signaling","PMID: 24478758"
"16","IL10hi Macrophage","ANGPTL2","ITGA5_ITGB1",0.00387075845610391,0,"ANGPTL2_ITGA5_ITGB1","ANGPTL2 - (ITGA5+ITGB1)","ANGPTL","Secreted Signaling","PMID: 24478758"
"16","NK","ANGPTL2","ITGA5_ITGB1",0.00647730285959865,0,"ANGPTL2_ITGA5_ITGB1","ANGPTL2 - (ITGA5+ITGB1)","ANGPTL","Secreted Signaling","PMID: 24478758"
"16","gamma-delta T","ANGPTL2","TLR4",0.00680961575801311,0,"ANGPTL2_TLR4","ANGPTL2 - TLR4","ANGPTL","Secreted Signaling","PMID: 24478758"
"16","gamma-delta T","ANGPTL2","LILRB3",0.00356803918951916,0,"ANGPTL2_PIRB","ANGPTL2 - PIRB","ANGPTL","Secreted Signaling","PMID: 24478758"
"16","16","ANGPTL4","ITGA5_ITGB1",0.0105517277779411,0,"ANGPTL4_ITGA5_ITGB1","ANGPTL4 - (ITGA5+ITGB1)","ANGPTL","Secreted Signaling","PMID: 30049845"
"16","DUSP4hi CD4+ T","ANGPTL4","ITGA5_ITGB1",0.00261352347487771,0,"ANGPTL4_ITGA5_ITGB1","ANGPTL4 - (ITGA5+ITGB1)","ANGPTL","Secreted Signaling","PMID: 30049845"
"16","gamma-delta T","ANGPTL4","ITGA5_ITGB1",0.00413369156839149,0,"ANGPTL4_ITGA5_ITGB1","ANGPTL4 - (ITGA5+ITGB1)","ANGPTL","Secreted Signaling","PMID: 30049845"
"16","IL10hi Macrophage","ANGPTL4","ITGA5_ITGB1",0.00291936914180569,0,"ANGPTL4_ITGA5_ITGB1","ANGPTL4 - (ITGA5+ITGB1)","ANGPTL","Secreted Signaling","PMID: 30049845"
"16","NK","ANGPTL4","ITGA5_ITGB1",0.00488839793227716,0,"ANGPTL4_ITGA5_ITGB1","ANGPTL4 - (ITGA5+ITGB1)","ANGPTL","Secreted Signaling","PMID: 30049845"
"16","16","ANGPTL4","CDH11",0.00632231433114918,0,"ANGPTL4_CDH11","ANGPTL4 - CDH11","ANGPTL","Secreted Signaling","PMID: 30049845"
"16","16","ANGPTL4","SDC2",0.0115827611693314,0,"ANGPTL4_SDC2","ANGPTL4 - SDC2","ANGPTL","Secreted Signaling","PMID: 29017031"
"16","16","ANGPTL4","SDC4",0.00211244646840923,0,"ANGPTL4_SDC4","ANGPTL4 - SDC4","ANGPTL","Secreted Signaling","PMID: 29017031"
"16","gamma-delta T","ANGPTL4","SDC4",0.00473063545905153,0,"ANGPTL4_SDC4","ANGPTL4 - SDC4","ANGPTL","Secreted Signaling","PMID: 29017031"
"16","16","ANGPT2","ITGA5_ITGB1",0.0194414619315847,0,"ANGPT2_ITGA5_ITGB1","ANGPT2 - (ITGA5+ITGB1)","ANGPT","Secreted Signaling","PMID: 20651738; PMID: 25635707"
"16","DUSP4hi CD4+ T","ANGPT2","ITGA5_ITGB1",0.00484816273266653,0,"ANGPT2_ITGA5_ITGB1","ANGPT2 - (ITGA5+ITGB1)","ANGPT","Secreted Signaling","PMID: 20651738; PMID: 25635707"
"16","gamma-delta T","ANGPT2","ITGA5_ITGB1",0.00765813910846828,0,"ANGPT2_ITGA5_ITGB1","ANGPT2 - (ITGA5+ITGB1)","ANGPT","Secreted Signaling","PMID: 20651738; PMID: 25635707"
"16","IL10hi Macrophage","ANGPT2","ITGA5_ITGB1",0.00541409588496732,0,"ANGPT2_ITGA5_ITGB1","ANGPT2 - (ITGA5+ITGB1)","ANGPT","Secreted Signaling","PMID: 20651738; PMID: 25635707"
"16","NK","ANGPT2","ITGA5_ITGB1",0.00905047154121859,0,"ANGPT2_ITGA5_ITGB1","ANGPT2 - (ITGA5+ITGB1)","ANGPT","Secreted Signaling","PMID: 20651738; PMID: 25635707"
"16","16","MDK","SDC2",0.0264582728051867,0,"MDK_SDC2","MDK - SDC2","MK","Secreted Signaling","PMID: 28356350"
"gamma-delta T","16","MDK","SDC2",0.00374397763833391,0,"MDK_SDC2","MDK - SDC2","MK","Secreted Signaling","PMID: 28356350"
"IL10hi Macrophage","16","MDK","SDC2",0.00439153289030385,0,"MDK_SDC2","MDK - SDC2","MK","Secreted Signaling","PMID: 28356350"
"NK","16","MDK","SDC2",0.00137006017442408,0.02,"MDK_SDC2","MDK - SDC2","MK","Secreted Signaling","PMID: 28356350"
"16","16","MDK","SDC4",0.00488553663368356,0,"MDK_SDC4","MDK - SDC4","MK","Secreted Signaling","PMID: 28356350"
"16","gamma-delta T","MDK","SDC4",0.0109031700524203,0,"MDK_SDC4","MDK - SDC4","MK","Secreted Signaling","PMID: 28356350"
"gamma-delta T","gamma-delta T","MDK","SDC4",0.00152197617265616,0.03,"MDK_SDC4","MDK - SDC4","MK","Secreted Signaling","PMID: 28356350"
"IL10hi Macrophage","gamma-delta T","MDK","SDC4",0.00178590483330003,0,"MDK_SDC4","MDK - SDC4","MK","Secreted Signaling","PMID: 28356350"
"16","IL10hi Macrophage","MDK","ITGA4_ITGB1",0.00970077687833484,0,"MDK_ITGA4_ITGB1","MDK - (ITGA4+ITGB1)","MK","Secreted Signaling","PMID: 28356350"
"16","NK","MDK","ITGA4_ITGB1",0.0121933877041159,0,"MDK_ITGA4_ITGB1","MDK - (ITGA4+ITGB1)","MK","Secreted Signaling","PMID: 28356350"
"16","16","MDK","ITGA6_ITGB1",0.0152405107792864,0,"MDK_ITGA6_ITGB1","MDK - (ITGA6+ITGB1)","MK","Secreted Signaling","PMID: 28356350"
"16","IL10hi Macrophage","MDK","ITGA6_ITGB1",0.00567680069991163,0,"MDK_ITGA6_ITGB1","MDK - (ITGA6+ITGB1)","MK","Secreted Signaling","PMID: 28356350"
"16","NK","MDK","ITGA6_ITGB1",0.00726458818388407,0,"MDK_ITGA6_ITGB1","MDK - (ITGA6+ITGB1)","MK","Secreted Signaling","PMID: 28356350"
"16","16","MDK","LRP1",0.0305035066024352,0,"MDK_LRP1","MDK - LRP1","MK","Secreted Signaling","PMID: 28356350"
"gamma-delta T","16","MDK","LRP1",0.00433185096424795,0.01,"MDK_LRP1","MDK - LRP1","MK","Secreted Signaling","PMID: 28356350"
"IL10hi Macrophage","16","MDK","LRP1",0.00508056577319856,0,"MDK_LRP1","MDK - LRP1","MK","Secreted Signaling","PMID: 28356350"
"16","gamma-delta T","MDK","LRP1",0.0269442510757131,0,"MDK_LRP1","MDK - LRP1","MK","Secreted Signaling","PMID: 28356350"
"gamma-delta T","gamma-delta T","MDK","LRP1",0.00381438063620837,0.04,"MDK_LRP1","MDK - LRP1","MK","Secreted Signaling","PMID: 28356350"
"IL10hi Macrophage","gamma-delta T","MDK","LRP1",0.00447405804737021,0,"MDK_LRP1","MDK - LRP1","MK","Secreted Signaling","PMID: 28356350"
"16","16","PTN","SDC2",0.013889390213606,0,"PTN_SDC2","PTN - SDC2","PTN","Secreted Signaling","PMID: 28356350; PMID: 25620911"
"16","16","PTN","SDC4",0.00253796855671918,0,"PTN_SDC4","PTN - SDC4","PTN","Secreted Signaling","PMID: 28356350; PMID: 25620911"
"16","gamma-delta T","PTN","SDC4",0.00568055197762083,0,"PTN_SDC4","PTN - SDC4","PTN","Secreted Signaling","PMID: 28356350; PMID: 25620911"
"16","16","POSTN","ITGAV_ITGB5",0.00585942415752433,0,"POSTN_ITGAV_ITGB5","POSTN - (ITGAV+ITGB5)","PERIOSTIN","Secreted Signaling","PMID: 26721738"
"16","gamma-delta T","POSTN","ITGAV_ITGB5",0.00235222022538741,0,"POSTN_ITGAV_ITGB5","POSTN - (ITGAV+ITGB5)","PERIOSTIN","Secreted Signaling","PMID: 26721738"
"16","gamma-delta T","C3","C3AR1",0.00903235133044125,0,"C3_C3AR1","C3 - C3AR1","COMPLEMENT","Secreted Signaling","KEGG: hsa04080"
"gamma-delta T","gamma-delta T","C3","C3AR1",0.0134329937156477,0,"C3_C3AR1","C3 - C3AR1","COMPLEMENT","Secreted Signaling","KEGG: hsa04080"
"IL10hi Macrophage","gamma-delta T","C3","C3AR1",0.00122109060042552,0,"C3_C3AR1","C3 - C3AR1","COMPLEMENT","Secreted Signaling","KEGG: hsa04080"
"16","gamma-delta T","C3","ITGAM_ITGB2",0.012801959985898,0,"C3_ITGAM_ITGB2","C3 - (ITGAM+ITGB2)","COMPLEMENT","Secreted Signaling","PMID: 16234578"
"gamma-delta T","gamma-delta T","C3","ITGAM_ITGB2",0.0190039688686762,0,"C3_ITGAM_ITGB2","C3 - (ITGAM+ITGB2)","COMPLEMENT","Secreted Signaling","PMID: 16234578"
"IL10hi Macrophage","gamma-delta T","C3","ITGAM_ITGB2",0.0017364192349849,0,"C3_ITGAM_ITGB2","C3 - (ITGAM+ITGB2)","COMPLEMENT","Secreted Signaling","PMID: 16234578"
"16","gamma-delta T","C3","ITGAX_ITGB2",0.0197110543624689,0,"C3_ITGAX_ITGB2","C3 - (ITGAX+ITGB2)","COMPLEMENT","Secreted Signaling","PMID: 16234578"
"gamma-delta T","gamma-delta T","C3","ITGAX_ITGB2",0.0291613540215714,0,"C3_ITGAX_ITGB2","C3 - (ITGAX+ITGB2)","COMPLEMENT","Secreted Signaling","PMID: 16234578"
"IL10hi Macrophage","gamma-delta T","C3","ITGAX_ITGB2",0.00268981977728354,0,"C3_ITGAX_ITGB2","C3 - (ITGAX+ITGB2)","COMPLEMENT","Secreted Signaling","PMID: 16234578"
"DUSP4hi CD4+ T","16","GZMA","F2R",0.0239982663139448,0,"GZMA_F2R","GZMA - F2R","PARs","Secreted Signaling","KEGG: hsa04080"
"IL10hi Macrophage","16","GZMA","F2R",0.0354672949999519,0,"GZMA_F2R","GZMA - F2R","PARs","Secreted Signaling","KEGG: hsa04080"
"NK","16","GZMA","F2R",0.014703277811636,0,"GZMA_F2R","GZMA - F2R","PARs","Secreted Signaling","KEGG: hsa04080"
"Treg","16","GZMA","F2R",0.0114025185226024,0.01,"GZMA_F2R","GZMA - F2R","PARs","Secreted Signaling","KEGG: hsa04080"
"DUSP4hi CD4+ T","16","GZMA","PARD3",0.0103450297659243,0,"GZMA_PARD3","GZMA - PARD3","PARs","Secreted Signaling","KEGG: hsa04080"
"IL10hi Macrophage","16","GZMA","PARD3",0.0153919326383429,0,"GZMA_PARD3","GZMA - PARD3","PARs","Secreted Signaling","KEGG: hsa04080"
"NK","16","GZMA","PARD3",0.00630404496486663,0,"GZMA_PARD3","GZMA - PARD3","PARs","Secreted Signaling","KEGG: hsa04080"
"Treg","16","GZMA","PARD3",0.00487950327003985,0,"GZMA_PARD3","GZMA - PARD3","PARs","Secreted Signaling","KEGG: hsa04080"
"16","NK","KITLG","KIT",0.000403220552934526,0,"KITL_KIT","KITL - KIT","KIT","Secreted Signaling","KEGG: hsa04080"
"16","16","SEMA3A","NRP1_PLXNA2",0.000295850912636825,0,"SEMA3A_NRP1_PLXNA2","SEMA3A - (NRP1+PLXNA2)","SEMA3","Secreted Signaling","PMID: 27533782"
"16","16","SEMA3A","NRP1_PLXNA3",0.000709922574142469,0,"SEMA3A_NRP1_PLXNA3","SEMA3A - (NRP1+PLXNA3)","SEMA3","Secreted Signaling","PMID: 27533782"
"16","16","SEMA3B","NRP1_PLXNA2",0.000752598724469241,0,"SEMA3B_NRP1_PLXNA2","SEMA3B - (NRP1+PLXNA2)","SEMA3","Secreted Signaling","PMID: 27533782"
"16","16","SEMA3B","NRP1_PLXNA3",0.00180477858546297,0,"SEMA3B_NRP1_PLXNA3","SEMA3B - (NRP1+PLXNA3)","SEMA3","Secreted Signaling","PMID: 27533782"
"16","gamma-delta T","SEMA3B","NRP2_PLXNA1",0.000451179223655674,0,"SEMA3B_NRP2_PLXNA1","SEMA3B - (NRP2+PLXNA1)","SEMA3","Secreted Signaling","PMID: 27533782"
"16","16","SEMA3B","NRP2_PLXNA2",0.000181195111474133,0,"SEMA3B_NRP2_PLXNA2","SEMA3B - (NRP2+PLXNA2)","SEMA3","Secreted Signaling","PMID: 27533782"
"16","16","SEMA3B","NRP2_PLXNA3",0.00043486481228712,0,"SEMA3B_NRP2_PLXNA3","SEMA3B - (NRP2+PLXNA3)","SEMA3","Secreted Signaling","PMID: 27533782"
"16","16","ADM","CALCRL",0.000569373256093166,0.02,"ADM_CALCRL","ADM - CALCRL","CALCR","Secreted Signaling","KEGG: hsa04080"
"gamma-delta T","16","ADM","CALCRL",0.00177451770859007,0,"ADM_CALCRL","ADM - CALCRL","CALCR","Secreted Signaling","KEGG: hsa04080"
"16","gamma-delta T","ANXA1","FPR2",0.00934823685168025,0,"ANXA1_FPR2","ANXA1 - FPR2","ANNEXIN","Secreted Signaling","PMID: 23230437"
"DUSP4hi CD4+ T","gamma-delta T","ANXA1","FPR2",0.0172277367567974,0,"ANXA1_FPR2","ANXA1 - FPR2","ANNEXIN","Secreted Signaling","PMID: 23230437"
"gamma-delta T","gamma-delta T","ANXA1","FPR2",0.0130775241990002,0,"ANXA1_FPR2","ANXA1 - FPR2","ANNEXIN","Secreted Signaling","PMID: 23230437"
"IL10hi Macrophage","gamma-delta T","ANXA1","FPR2",0.0203709184113684,0,"ANXA1_FPR2","ANXA1 - FPR2","ANNEXIN","Secreted Signaling","PMID: 23230437"
"NK","gamma-delta T","ANXA1","FPR2",0.0160117175176067,0,"ANXA1_FPR2","ANXA1 - FPR2","ANNEXIN","Secreted Signaling","PMID: 23230437"
"Treg","gamma-delta T","ANXA1","FPR2",0.00970630663316749,0,"ANXA1_FPR2","ANXA1 - FPR2","ANNEXIN","Secreted Signaling","PMID: 23230437"
"16","gamma-delta T","ANXA1","FPR1",0.0514925417807498,0,"ANXA1_FPR1","ANXA1 - FPR1","ANNEXIN","Secreted Signaling","PMID: 23230437"
"DUSP4hi CD4+ T","gamma-delta T","ANXA1","FPR1",0.0916099400263663,0,"ANXA1_FPR1","ANXA1 - FPR1","ANNEXIN","Secreted Signaling","PMID: 23230437"
"gamma-delta T","gamma-delta T","ANXA1","FPR1",0.0708323215859811,0,"ANXA1_FPR1","ANXA1 - FPR1","ANNEXIN","Secreted Signaling","PMID: 23230437"
"IL10hi Macrophage","gamma-delta T","ANXA1","FPR1",0.106848616845922,0,"ANXA1_FPR1","ANXA1 - FPR1","ANNEXIN","Secreted Signaling","PMID: 23230437"
"NK","gamma-delta T","ANXA1","FPR1",0.0856009615021595,0,"ANXA1_FPR1","ANXA1 - FPR1","ANNEXIN","Secreted Signaling","PMID: 23230437"
"Treg","gamma-delta T","ANXA1","FPR1",0.0533779045119116,0,"ANXA1_FPR1","ANXA1 - FPR1","ANNEXIN","Secreted Signaling","PMID: 23230437"
"16","16","GAS6","AXL",0.0135321931273256,0,"GAS6_AXL","GAS6 - AXL","GAS","Secreted Signaling","PMID: 27801848"
"gamma-delta T","16","GAS6","AXL",0.00497447659013933,0,"GAS6_AXL","GAS6 - AXL","GAS","Secreted Signaling","PMID: 27801848"
"16","gamma-delta T","GAS6","AXL",0.00483959132080803,0,"GAS6_AXL","GAS6 - AXL","GAS","Secreted Signaling","PMID: 27801848"
"gamma-delta T","gamma-delta T","GAS6","AXL",0.00176918997331231,0,"GAS6_AXL","GAS6 - AXL","GAS","Secreted Signaling","PMID: 27801848"
"16","16","GRN","SORT1",0.00602224853027631,0,"GRN_SORT1","GRN - SORT1","GRN","Secreted Signaling","PMID: 29555433"
"gamma-delta T","16","GRN","SORT1",0.0426060886343973,0,"GRN_SORT1","GRN - SORT1","GRN","Secreted Signaling","PMID: 29555433"
"IL10hi Macrophage","16","GRN","SORT1",0.00171213903411684,0.01,"GRN_SORT1","GRN - SORT1","GRN","Secreted Signaling","PMID: 29555433"
"gamma-delta T","gamma-delta T","GRN","SORT1",0.00416826869173727,0,"GRN_SORT1","GRN - SORT1","GRN","Secreted Signaling","PMID: 29555433"
"gamma-delta T","16","LGALS9","PTPRC",0.0509616505309632,0,"LGALS9_CD45","LGALS9 - CD45","GALECTIN","Secreted Signaling","PMID: 30120235"
"gamma-delta T","DUSP4hi CD4+ T","LGALS9","PTPRC",0.123539229503201,0,"LGALS9_CD45","LGALS9 - CD45","GALECTIN","Secreted Signaling","PMID: 30120235"
"gamma-delta T","gamma-delta T","LGALS9","PTPRC",0.079245126841893,0,"LGALS9_CD45","LGALS9 - CD45","GALECTIN","Secreted Signaling","PMID: 30120235"
"gamma-delta T","IL10hi Macrophage","LGALS9","PTPRC",0.126013358619294,0,"LGALS9_CD45","LGALS9 - CD45","GALECTIN","Secreted Signaling","PMID: 30120235"
"gamma-delta T","NK","LGALS9","PTPRC",0.107669262935732,0,"LGALS9_CD45","LGALS9 - CD45","GALECTIN","Secreted Signaling","PMID: 30120235"
"gamma-delta T","Treg","LGALS9","PTPRC",0.121313128694154,0,"LGALS9_CD45","LGALS9 - CD45","GALECTIN","Secreted Signaling","PMID: 30120235"
"16","16","PROS1","AXL",0.00398750575606652,0,"PROS1_AXL","PROS1 - AXL","PROS","Secreted Signaling","PMID: 29531161"
"16","gamma-delta T","PROS1","AXL",0.0014172645319863,0,"PROS1_AXL","PROS1 - AXL","PROS","Secreted Signaling","PMID: 29531161"
"gamma-delta T","gamma-delta T","LGALS9","HAVCR2",0.00558090755842006,0,"LGALS9_HAVCR2","LGALS9 - HAVCR2","GALECTIN","Secreted Signaling","PMID: 27192565"
"gamma-delta T","16","LGALS9","CD44",0.0388333029719945,0.02,"LGALS9_CD44","LGALS9 - CD44","GALECTIN","Secreted Signaling","PMID: 25065622"
"gamma-delta T","DUSP4hi CD4+ T","LGALS9","CD44",0.099509500230919,0,"LGALS9_CD44","LGALS9 - CD44","GALECTIN","Secreted Signaling","PMID: 25065622"
"gamma-delta T","gamma-delta T","LGALS9","CD44",0.0989714910597738,0,"LGALS9_CD44","LGALS9 - CD44","GALECTIN","Secreted Signaling","PMID: 25065622"
"gamma-delta T","IL10hi Macrophage","LGALS9","CD44",0.102202873734378,0,"LGALS9_CD44","LGALS9 - CD44","GALECTIN","Secreted Signaling","PMID: 25065622"
"gamma-delta T","NK","LGALS9","CD44",0.103697971296707,0,"LGALS9_CD44","LGALS9 - CD44","GALECTIN","Secreted Signaling","PMID: 25065622"
"gamma-delta T","Treg","LGALS9","CD44",0.0662884198259356,0,"LGALS9_CD44","LGALS9 - CD44","GALECTIN","Secreted Signaling","PMID: 25065622"
"16","16","COL1A1","ITGA1_ITGB1",0.152870134522352,0,"COL1A1_ITGA1_ITGB1","COL1A1 - (ITGA1+ITGB1)","COLLAGEN","ECM-Receptor","KEGG: hsa04512"
"gamma-delta T","16","COL1A1","ITGA1_ITGB1",0.0905679124893867,0,"COL1A1_ITGA1_ITGB1","COL1A1 - (ITGA1+ITGB1)","COLLAGEN","ECM-Receptor","KEGG: hsa04512"
"IL10hi Macrophage","16","COL1A1","ITGA1_ITGB1",0.0844934233668161,0,"COL1A1_ITGA1_ITGB1","COL1A1 - (ITGA1+ITGB1)","COLLAGEN","ECM-Receptor","KEGG: hsa04512"
"16","IL10hi Macrophage","COL1A1","ITGA1_ITGB1",0.05208643461121,0,"COL1A1_ITGA1_ITGB1","COL1A1 - (ITGA1+ITGB1)","COLLAGEN","ECM-Receptor","KEGG: hsa04512"
"gamma-delta T","IL10hi Macrophage","COL1A1","ITGA1_ITGB1",0.0294315734635904,0.01,"COL1A1_ITGA1_ITGB1","COL1A1 - (ITGA1+ITGB1)","COLLAGEN","ECM-Receptor","KEGG: hsa04512"
"IL10hi Macrophage","IL10hi Macrophage","COL1A1","ITGA1_ITGB1",0.0273343195868244,0,"COL1A1_ITGA1_ITGB1","COL1A1 - (ITGA1+ITGB1)","COLLAGEN","ECM-Receptor","KEGG: hsa04512"
"16","16","COL1A2","ITGA1_ITGB1",0.140406421666219,0,"COL1A2_ITGA1_ITGB1","COL1A2 - (ITGA1+ITGB1)","COLLAGEN","ECM-Receptor","KEGG: hsa04512"
"gamma-delta T","16","COL1A2","ITGA1_ITGB1",0.0529499827255019,0,"COL1A2_ITGA1_ITGB1","COL1A2 - (ITGA1+ITGB1)","COLLAGEN","ECM-Receptor","KEGG: hsa04512"
"IL10hi Macrophage","16","COL1A2","ITGA1_ITGB1",0.05685411118688,0,"COL1A2_ITGA1_ITGB1","COL1A2 - (ITGA1+ITGB1)","COLLAGEN","ECM-Receptor","KEGG: hsa04512"
"16","IL10hi Macrophage","COL1A2","ITGA1_ITGB1",0.0473801751071773,0,"COL1A2_ITGA1_ITGB1","COL1A2 - (ITGA1+ITGB1)","COLLAGEN","ECM-Receptor","KEGG: hsa04512"
"IL10hi Macrophage","IL10hi Macrophage","COL1A2","ITGA1_ITGB1",0.0180246492427384,0,"COL1A2_ITGA1_ITGB1","COL1A2 - (ITGA1+ITGB1)","COLLAGEN","ECM-Receptor","KEGG: hsa04512"
"16","16","COL4A1","ITGA1_ITGB1",0.0815911586840095,0,"COL4A1_ITGA1_ITGB1","COL4A1 - (ITGA1+ITGB1)","COLLAGEN","ECM-Receptor","KEGG: hsa04512"
"gamma-delta T","16","COL4A1","ITGA1_ITGB1",0.00550176679683693,0.02,"COL4A1_ITGA1_ITGB1","COL4A1 - (ITGA1+ITGB1)","COLLAGEN","ECM-Receptor","KEGG: hsa04512"
"16","IL10hi Macrophage","COL4A1","ITGA1_ITGB1",0.0263389276249952,0,"COL4A1_ITGA1_ITGB1","COL4A1 - (ITGA1+ITGB1)","COLLAGEN","ECM-Receptor","KEGG: hsa04512"
"16","NK","COL4A1","ITGA1_ITGB1",0.00995539690022505,0,"COL4A1_ITGA1_ITGB1","COL4A1 - (ITGA1+ITGB1)","COLLAGEN","ECM-Receptor","KEGG: hsa04512"
"16","16","COL4A2","ITGA1_ITGB1",0.0685511342373685,0,"COL4A2_ITGA1_ITGB1","COL4A2 - (ITGA1+ITGB1)","COLLAGEN","ECM-Receptor","KEGG: hsa04512"
"gamma-delta T","16","COL4A2","ITGA1_ITGB1",0.0191479590874041,0,"COL4A2_ITGA1_ITGB1","COL4A2 - (ITGA1+ITGB1)","COLLAGEN","ECM-Receptor","KEGG: hsa04512"
"IL10hi Macrophage","16","COL4A2","ITGA1_ITGB1",0.0117610385267684,0,"COL4A2_ITGA1_ITGB1","COL4A2 - (ITGA1+ITGB1)","COLLAGEN","ECM-Receptor","KEGG: hsa04512"
"16","IL10hi Macrophage","COL4A2","ITGA1_ITGB1",0.0219186519777242,0,"COL4A2_ITGA1_ITGB1","COL4A2 - (ITGA1+ITGB1)","COLLAGEN","ECM-Receptor","KEGG: hsa04512"
"16","NK","COL4A2","ITGA1_ITGB1",0.00826132391822852,0.02,"COL4A2_ITGA1_ITGB1","COL4A2 - (ITGA1+ITGB1)","COLLAGEN","ECM-Receptor","KEGG: hsa04512"
"16","16","COL6A1","ITGA1_ITGB1",0.107799581110539,0,"COL6A1_ITGA1_ITGB1","COL6A1 - (ITGA1+ITGB1)","COLLAGEN","ECM-Receptor","KEGG: hsa04512"
"gamma-delta T","16","COL6A1","ITGA1_ITGB1",0.0203681137096081,0,"COL6A1_ITGA1_ITGB1","COL6A1 - (ITGA1+ITGB1)","COLLAGEN","ECM-Receptor","KEGG: hsa04512"
"IL10hi Macrophage","16","COL6A1","ITGA1_ITGB1",0.0199744107030805,0,"COL6A1_ITGA1_ITGB1","COL6A1 - (ITGA1+ITGB1)","COLLAGEN","ECM-Receptor","KEGG: hsa04512"
"16","IL10hi Macrophage","COL6A1","ITGA1_ITGB1",0.0354851626806623,0,"COL6A1_ITGA1_ITGB1","COL6A1 - (ITGA1+ITGB1)","COLLAGEN","ECM-Receptor","KEGG: hsa04512"
"IL10hi Macrophage","IL10hi Macrophage","COL6A1","ITGA1_ITGB1",0.00616783638749903,0.02,"COL6A1_ITGA1_ITGB1","COL6A1 - (ITGA1+ITGB1)","COLLAGEN","ECM-Receptor","KEGG: hsa04512"
"16","NK","COL6A1","ITGA1_ITGB1",0.0134912553853391,0.02,"COL6A1_ITGA1_ITGB1","COL6A1 - (ITGA1+ITGB1)","COLLAGEN","ECM-Receptor","KEGG: hsa04512"
"16","16","COL6A2","ITGA1_ITGB1",0.0775948542382378,0,"COL6A2_ITGA1_ITGB1","COL6A2 - (ITGA1+ITGB1)","COLLAGEN","ECM-Receptor","KEGG: hsa04512"
"gamma-delta T","16","COL6A2","ITGA1_ITGB1",0.0249614859144945,0,"COL6A2_ITGA1_ITGB1","COL6A2 - (ITGA1+ITGB1)","COLLAGEN","ECM-Receptor","KEGG: hsa04512"
"IL10hi Macrophage","16","COL6A2","ITGA1_ITGB1",0.0160760627587664,0,"COL6A2_ITGA1_ITGB1","COL6A2 - (ITGA1+ITGB1)","COLLAGEN","ECM-Receptor","KEGG: hsa04512"
"16","IL10hi Macrophage","COL6A2","ITGA1_ITGB1",0.0249752633238671,0,"COL6A2_ITGA1_ITGB1","COL6A2 - (ITGA1+ITGB1)","COLLAGEN","ECM-Receptor","KEGG: hsa04512"
"gamma-delta T","IL10hi Macrophage","COL6A2","ITGA1_ITGB1",0.00773498685035245,0.04,"COL6A2_ITGA1_ITGB1","COL6A2 - (ITGA1+ITGB1)","COLLAGEN","ECM-Receptor","KEGG: hsa04512"
"IL10hi Macrophage","IL10hi Macrophage","COL6A2","ITGA1_ITGB1",0.00495046625391128,0.03,"COL6A2_ITGA1_ITGB1","COL6A2 - (ITGA1+ITGB1)","COLLAGEN","ECM-Receptor","KEGG: hsa04512"
"16","NK","COL6A2","ITGA1_ITGB1",0.00943175217840788,0.03,"COL6A2_ITGA1_ITGB1","COL6A2 - (ITGA1+ITGB1)","COLLAGEN","ECM-Receptor","KEGG: hsa04512"
"16","16","COL6A3","ITGA1_ITGB1",0.069970072400129,0,"COL6A3_ITGA1_ITGB1","COL6A3 - (ITGA1+ITGB1)","COLLAGEN","ECM-Receptor","KEGG: hsa04512"
"16","IL10hi Macrophage","COL6A3","ITGA1_ITGB1",0.0223955537205131,0,"COL6A3_ITGA1_ITGB1","COL6A3 - (ITGA1+ITGB1)","COLLAGEN","ECM-Receptor","KEGG: hsa04512"
"16","NK","COL6A3","ITGA1_ITGB1",0.00844363747201625,0,"COL6A3_ITGA1_ITGB1","COL6A3 - (ITGA1+ITGB1)","COLLAGEN","ECM-Receptor","KEGG: hsa04512"
"16","16","FN1","ITGA3_ITGB1",0.054805690040668,0,"FN1_ITGA3_ITGB1","FN1 - (ITGA3+ITGB1)","FN1","ECM-Receptor","KEGG: hsa04512"
"gamma-delta T","16","FN1","ITGA3_ITGB1",0.00561915216017472,0,"FN1_ITGA3_ITGB1","FN1 - (ITGA3+ITGB1)","FN1","ECM-Receptor","KEGG: hsa04512"
"IL10hi Macrophage","16","FN1","ITGA3_ITGB1",0.00350881515302355,0,"FN1_ITGA3_ITGB1","FN1 - (ITGA3+ITGB1)","FN1","ECM-Receptor","KEGG: hsa04512"
"NK","16","FN1","ITGA3_ITGB1",0.00317075473347341,0.02,"FN1_ITGA3_ITGB1","FN1 - (ITGA3+ITGB1)","FN1","ECM-Receptor","KEGG: hsa04512"
"16","IL10hi Macrophage","FN1","ITGA4_ITGB1",0.0307729243113011,0,"FN1_ITGA4_ITGB1","FN1 - (ITGA4+ITGB1)","FN1","ECM-Receptor","KEGG: hsa04512"
"16","NK","FN1","ITGA4_ITGB1",0.0384696814575014,0,"FN1_ITGA4_ITGB1","FN1 - (ITGA4+ITGB1)","FN1","ECM-Receptor","KEGG: hsa04512"
"16","16","FN1","ITGA5_ITGB1",0.0742129773247937,0,"FN1_ITGA5_ITGB1","FN1 - (ITGA5+ITGB1)","FN1","ECM-Receptor","KEGG: hsa04512"
"IL10hi Macrophage","16","FN1","ITGA5_ITGB1",0.00484442485787513,0.03,"FN1_ITGA5_ITGB1","FN1 - (ITGA5+ITGB1)","FN1","ECM-Receptor","KEGG: hsa04512"
"16","DUSP4hi CD4+ T","FN1","ITGA5_ITGB1",0.0193165716440482,0,"FN1_ITGA5_ITGB1","FN1 - (ITGA5+ITGB1)","FN1","ECM-Receptor","KEGG: hsa04512"
"16","gamma-delta T","FN1","ITGA5_ITGB1",0.0302574121206622,0,"FN1_ITGA5_ITGB1","FN1 - (ITGA5+ITGB1)","FN1","ECM-Receptor","KEGG: hsa04512"
"16","IL10hi Macrophage","FN1","ITGA5_ITGB1",0.0215348755644567,0,"FN1_ITGA5_ITGB1","FN1 - (ITGA5+ITGB1)","FN1","ECM-Receptor","KEGG: hsa04512"
"16","NK","FN1","ITGA5_ITGB1",0.0356110888297957,0,"FN1_ITGA5_ITGB1","FN1 - (ITGA5+ITGB1)","FN1","ECM-Receptor","KEGG: hsa04512"
"16","16","FN1","ITGA8_ITGB1",0.0417810995718599,0,"FN1_ITGA8_ITGB1","FN1 - (ITGA8+ITGB1)","FN1","ECM-Receptor","KEGG: hsa04512"
"gamma-delta T","16","FN1","ITGA8_ITGB1",0.00423142879400583,0,"FN1_ITGA8_ITGB1","FN1 - (ITGA8+ITGB1)","FN1","ECM-Receptor","KEGG: hsa04512"
"IL10hi Macrophage","16","FN1","ITGA8_ITGB1",0.00264088306371978,0,"FN1_ITGA8_ITGB1","FN1 - (ITGA8+ITGB1)","FN1","ECM-Receptor","KEGG: hsa04512"
"NK","16","FN1","ITGA8_ITGB1",0.00238624421295646,0,"FN1_ITGA8_ITGB1","FN1 - (ITGA8+ITGB1)","FN1","ECM-Receptor","KEGG: hsa04512"
"16","16","LAMA2","ITGA1_ITGB1",0.0234552718154119,0,"LAMA2_ITGA1_ITGB1","LAMA2 - (ITGA1+ITGB1)","LAMININ","ECM-Receptor","KEGG: hsa04512"
"16","IL10hi Macrophage","LAMA2","ITGA1_ITGB1",0.00726050564566408,0,"LAMA2_ITGA1_ITGB1","LAMA2 - (ITGA1+ITGB1)","LAMININ","ECM-Receptor","KEGG: hsa04512"
"16","NK","LAMA2","ITGA1_ITGB1",0.00271122795395702,0,"LAMA2_ITGA1_ITGB1","LAMA2 - (ITGA1+ITGB1)","LAMININ","ECM-Receptor","KEGG: hsa04512"
"16","16","LAMA4","ITGA1_ITGB1",0.0242163081674438,0,"LAMA4_ITGA1_ITGB1","LAMA4 - (ITGA1+ITGB1)","LAMININ","ECM-Receptor","KEGG: hsa04512"
"16","IL10hi Macrophage","LAMA4","ITGA1_ITGB1",0.00750011772483251,0,"LAMA4_ITGA1_ITGB1","LAMA4 - (ITGA1+ITGB1)","LAMININ","ECM-Receptor","KEGG: hsa04512"
"16","NK","LAMA4","ITGA1_ITGB1",0.00280112784979001,0,"LAMA4_ITGA1_ITGB1","LAMA4 - (ITGA1+ITGB1)","LAMININ","ECM-Receptor","KEGG: hsa04512"
"16","16","LAMA5","ITGA1_ITGB1",0.00377813247840387,0,"LAMA5_ITGA1_ITGB1","LAMA5 - (ITGA1+ITGB1)","LAMININ","ECM-Receptor","KEGG: hsa04512"
"16","IL10hi Macrophage","LAMA5","ITGA1_ITGB1",0.00115346153865281,0.01,"LAMA5_ITGA1_ITGB1","LAMA5 - (ITGA1+ITGB1)","LAMININ","ECM-Receptor","KEGG: hsa04512"
"16","16","LAMB1","ITGA1_ITGB1",0.0403463345020443,0,"LAMB1_ITGA1_ITGB1","LAMB1 - (ITGA1+ITGB1)","LAMININ","ECM-Receptor","KEGG: hsa04512"
"16","IL10hi Macrophage","LAMB1","ITGA1_ITGB1",0.0126400359422695,0,"LAMB1_ITGA1_ITGB1","LAMB1 - (ITGA1+ITGB1)","LAMININ","ECM-Receptor","KEGG: hsa04512"
"16","NK","LAMB1","ITGA1_ITGB1",0.00473614037653467,0,"LAMB1_ITGA1_ITGB1","LAMB1 - (ITGA1+ITGB1)","LAMININ","ECM-Receptor","KEGG: hsa04512"
"16","16","LAMB2","ITGA1_ITGB1",0.0318075321499482,0,"LAMB2_ITGA1_ITGB1","LAMB2 - (ITGA1+ITGB1)","LAMININ","ECM-Receptor","KEGG: hsa04512"
"16","IL10hi Macrophage","LAMB2","ITGA1_ITGB1",0.00990441064443354,0,"LAMB2_ITGA1_ITGB1","LAMB2 - (ITGA1+ITGB1)","LAMININ","ECM-Receptor","KEGG: hsa04512"
"16","NK","LAMB2","ITGA1_ITGB1",0.00370470072267278,0,"LAMB2_ITGA1_ITGB1","LAMB2 - (ITGA1+ITGB1)","LAMININ","ECM-Receptor","KEGG: hsa04512"
"gamma-delta T","16","LAMB3","ITGA1_ITGB1",0.00764574272969861,0,"LAMB3_ITGA1_ITGB1","LAMB3 - (ITGA1+ITGB1)","LAMININ","ECM-Receptor","KEGG: hsa04512"
"gamma-delta T","IL10hi Macrophage","LAMB3","ITGA1_ITGB1",0.00234055310739334,0,"LAMB3_ITGA1_ITGB1","LAMB3 - (ITGA1+ITGB1)","LAMININ","ECM-Receptor","KEGG: hsa04512"
"gamma-delta T","NK","LAMB3","ITGA1_ITGB1",0.000871306889809957,0.01,"LAMB3_ITGA1_ITGB1","LAMB3 - (ITGA1+ITGB1)","LAMININ","ECM-Receptor","KEGG: hsa04512"
"16","16","LAMC1","ITGA1_ITGB1",0.0766817335254855,0,"LAMC1_ITGA1_ITGB1","LAMC1 - (ITGA1+ITGB1)","LAMININ","ECM-Receptor","KEGG: hsa04512"
"NK","16","LAMC1","ITGA1_ITGB1",0.00423346822297654,0.04,"LAMC1_ITGA1_ITGB1","LAMC1 - (ITGA1+ITGB1)","LAMININ","ECM-Receptor","KEGG: hsa04512"
"16","IL10hi Macrophage","LAMC1","ITGA1_ITGB1",0.0246648017760371,0,"LAMC1_ITGA1_ITGB1","LAMC1 - (ITGA1+ITGB1)","LAMININ","ECM-Receptor","KEGG: hsa04512"
"16","NK","LAMC1","ITGA1_ITGB1",0.00931266285221991,0,"LAMC1_ITGA1_ITGB1","LAMC1 - (ITGA1+ITGB1)","LAMININ","ECM-Receptor","KEGG: hsa04512"
"16","16","LAMA2","ITGA3_ITGB1",0.0123967037352229,0,"LAMA2_ITGA3_ITGB1","LAMA2 - (ITGA3+ITGB1)","LAMININ","ECM-Receptor","KEGG: hsa04512"
"16","16","LAMA4","ITGA3_ITGB1",0.0128036350822692,0,"LAMA4_ITGA3_ITGB1","LAMA4 - (ITGA3+ITGB1)","LAMININ","ECM-Receptor","KEGG: hsa04512"
"16","16","LAMA5","ITGA3_ITGB1",0.001978046821034,0,"LAMA5_ITGA3_ITGB1","LAMA5 - (ITGA3+ITGB1)","LAMININ","ECM-Receptor","KEGG: hsa04512"
"16","16","LAMB1","ITGA3_ITGB1",0.0214993842998366,0,"LAMB1_ITGA3_ITGB1","LAMB1 - (ITGA3+ITGB1)","LAMININ","ECM-Receptor","KEGG: hsa04512"
"16","16","LAMB2","ITGA3_ITGB1",0.0168791488662522,0,"LAMB2_ITGA3_ITGB1","LAMB2 - (ITGA3+ITGB1)","LAMININ","ECM-Receptor","KEGG: hsa04512"
"gamma-delta T","16","LAMB3","ITGA3_ITGB1",0.00401035784332471,0,"LAMB3_ITGA3_ITGB1","LAMB3 - (ITGA3+ITGB1)","LAMININ","ECM-Receptor","KEGG: hsa04512"
"16","16","LAMC1","ITGA3_ITGB1",0.0415971845310993,0,"LAMC1_ITGA3_ITGB1","LAMC1 - (ITGA3+ITGB1)","LAMININ","ECM-Receptor","KEGG: hsa04512"
"gamma-delta T","16","LAMC1","ITGA3_ITGB1",0.00184432242628042,0.01,"LAMC1_ITGA3_ITGB1","LAMC1 - (ITGA3+ITGB1)","LAMININ","ECM-Receptor","KEGG: hsa04512"
"NK","16","LAMC1","ITGA3_ITGB1",0.00221692129227508,0.03,"LAMC1_ITGA3_ITGB1","LAMC1 - (ITGA3+ITGB1)","LAMININ","ECM-Receptor","KEGG: hsa04512"
"16","16","THBS1","ITGA3_ITGB1",0.0424239961830454,0,"THBS1_ITGA3_ITGB1","THBS1 - (ITGA3+ITGB1)","THBS","ECM-Receptor","KEGG: hsa04512"
"gamma-delta T","16","THBS1","ITGA3_ITGB1",0.016782086910875,0,"THBS1_ITGA3_ITGB1","THBS1 - (ITGA3+ITGB1)","THBS","ECM-Receptor","KEGG: hsa04512"
"IL10hi Macrophage","16","THBS1","ITGA3_ITGB1",0.00508922449833033,0,"THBS1_ITGA3_ITGB1","THBS1 - (ITGA3+ITGB1)","THBS","ECM-Receptor","KEGG: hsa04512"
"16","16","THBS2","ITGA3_ITGB1",0.0254573188841151,0,"THBS2_ITGA3_ITGB1","THBS2 - (ITGA3+ITGB1)","THBS","ECM-Receptor","KEGG: hsa04512"
"16","16","THBS3","ITGA3_ITGB1",0.00333954182288188,0,"THBS3_ITGA3_ITGB1","THBS3 - (ITGA3+ITGB1)","THBS","ECM-Receptor","KEGG: hsa04512"
"16","16","THBS4","ITGA3_ITGB1",0.0040963368442275,0,"THBS4_ITGA3_ITGB1","THBS4 - (ITGA3+ITGB1)","THBS","ECM-Receptor","KEGG: hsa04512"
"16","16","COL1A1","ITGA3_ITGB1",0.0861803962116155,0,"COL1A1_ITGA3_ITGB1","COL1A1 - (ITGA3+ITGB1)","COLLAGEN","ECM-Receptor","KEGG: hsa04512"
"gamma-delta T","16","COL1A1","ITGA3_ITGB1",0.0494703641790344,0,"COL1A1_ITGA3_ITGB1","COL1A1 - (ITGA3+ITGB1)","COLLAGEN","ECM-Receptor","KEGG: hsa04512"
"IL10hi Macrophage","16","COL1A1","ITGA3_ITGB1",0.0460128692157458,0,"COL1A1_ITGA3_ITGB1","COL1A1 - (ITGA3+ITGB1)","COLLAGEN","ECM-Receptor","KEGG: hsa04512"
"NK","16","COL1A1","ITGA3_ITGB1",0.0135649592978871,0.04,"COL1A1_ITGA3_ITGB1","COL1A1 - (ITGA3+ITGB1)","COLLAGEN","ECM-Receptor","KEGG: hsa04512"
"Treg","16","COL1A1","ITGA3_ITGB1",0.0126878845321012,0.02,"COL1A1_ITGA3_ITGB1","COL1A1 - (ITGA3+ITGB1)","COLLAGEN","ECM-Receptor","KEGG: hsa04512"
"16","16","COL1A2","ITGA3_ITGB1",0.0786491796128185,0,"COL1A2_ITGA3_ITGB1","COL1A2 - (ITGA3+ITGB1)","COLLAGEN","ECM-Receptor","KEGG: hsa04512"
"gamma-delta T","16","COL1A2","ITGA3_ITGB1",0.0283896729671356,0,"COL1A2_ITGA3_ITGB1","COL1A2 - (ITGA3+ITGB1)","COLLAGEN","ECM-Receptor","KEGG: hsa04512"
"IL10hi Macrophage","16","COL1A2","ITGA3_ITGB1",0.0305413104331066,0,"COL1A2_ITGA3_ITGB1","COL1A2 - (ITGA3+ITGB1)","COLLAGEN","ECM-Receptor","KEGG: hsa04512"
"NK","16","COL1A2","ITGA3_ITGB1",0.00979120767951149,0.04,"COL1A2_ITGA3_ITGB1","COL1A2 - (ITGA3+ITGB1)","COLLAGEN","ECM-Receptor","KEGG: hsa04512"
"16","16","COL4A1","ITGA3_ITGB1",0.0443683160797485,0,"COL4A1_ITGA3_ITGB1","COL4A1 - (ITGA3+ITGB1)","COLLAGEN","ECM-Receptor","KEGG: hsa04512"
"gamma-delta T","16","COL4A1","ITGA3_ITGB1",0.00288283453447609,0,"COL4A1_ITGA3_ITGB1","COL4A1 - (ITGA3+ITGB1)","COLLAGEN","ECM-Receptor","KEGG: hsa04512"
"16","16","COL4A2","ITGA3_ITGB1",0.0370373931101061,0,"COL4A2_ITGA3_ITGB1","COL4A2 - (ITGA3+ITGB1)","COLLAGEN","ECM-Receptor","KEGG: hsa04512"
"gamma-delta T","16","COL4A2","ITGA3_ITGB1",0.0100991782304693,0,"COL4A2_ITGA3_ITGB1","COL4A2 - (ITGA3+ITGB1)","COLLAGEN","ECM-Receptor","KEGG: hsa04512"
"IL10hi Macrophage","16","COL4A2","ITGA3_ITGB1",0.00618110768944215,0,"COL4A2_ITGA3_ITGB1","COL4A2 - (ITGA3+ITGB1)","COLLAGEN","ECM-Receptor","KEGG: hsa04512"
"16","16","COL6A1","ITGA3_ITGB1",0.0593933801878924,0,"COL6A1_ITGA3_ITGB1","COL6A1 - (ITGA3+ITGB1)","COLLAGEN","ECM-Receptor","KEGG: hsa04512"
"gamma-delta T","16","COL6A1","ITGA3_ITGB1",0.0107490414867971,0,"COL6A1_ITGA3_ITGB1","COL6A1 - (ITGA3+ITGB1)","COLLAGEN","ECM-Receptor","KEGG: hsa04512"
"IL10hi Macrophage","16","COL6A1","ITGA3_ITGB1",0.0105392688646623,0,"COL6A1_ITGA3_ITGB1","COL6A1 - (ITGA3+ITGB1)","COLLAGEN","ECM-Receptor","KEGG: hsa04512"
"16","16","COL6A2","ITGA3_ITGB1",0.0421115755965834,0,"COL6A2_ITGA3_ITGB1","COL6A2 - (ITGA3+ITGB1)","COLLAGEN","ECM-Receptor","KEGG: hsa04512"
"gamma-delta T","16","COL6A2","ITGA3_ITGB1",0.0132023766889849,0,"COL6A2_ITGA3_ITGB1","COL6A2 - (ITGA3+ITGB1)","COLLAGEN","ECM-Receptor","KEGG: hsa04512"
"IL10hi Macrophage","16","COL6A2","ITGA3_ITGB1",0.00846644214391392,0,"COL6A2_ITGA3_ITGB1","COL6A2 - (ITGA3+ITGB1)","COLLAGEN","ECM-Receptor","KEGG: hsa04512"
"16","16","COL6A3","ITGA3_ITGB1",0.037830522215522,0,"COL6A3_ITGA3_ITGB1","COL6A3 - (ITGA3+ITGB1)","COLLAGEN","ECM-Receptor","KEGG: hsa04512"
"16","16","LAMA2","ITGA6_ITGB1",0.0107423930797435,0,"LAMA2_ITGA6_ITGB1","LAMA2 - (ITGA6+ITGB1)","LAMININ","ECM-Receptor","KEGG: hsa04512"
"16","IL10hi Macrophage","LAMA2","ITGA6_ITGB1",0.00398990091205067,0,"LAMA2_ITGA6_ITGB1","LAMA2 - (ITGA6+ITGB1)","LAMININ","ECM-Receptor","KEGG: hsa04512"
"16","NK","LAMA2","ITGA6_ITGB1",0.00510829055126416,0,"LAMA2_ITGA6_ITGB1","LAMA2 - (ITGA6+ITGB1)","LAMININ","ECM-Receptor","KEGG: hsa04512"
"16","16","LAMA4","ITGA6_ITGB1",0.0110956305060989,0,"LAMA4_ITGA6_ITGB1","LAMA4 - (ITGA6+ITGB1)","LAMININ","ECM-Receptor","KEGG: hsa04512"
"16","IL10hi Macrophage","LAMA4","ITGA6_ITGB1",0.00412202427350201,0,"LAMA4_ITGA6_ITGB1","LAMA4 - (ITGA6+ITGB1)","LAMININ","ECM-Receptor","KEGG: hsa04512"
"16","NK","LAMA4","ITGA6_ITGB1",0.0052772525417167,0,"LAMA4_ITGA6_ITGB1","LAMA4 - (ITGA6+ITGB1)","LAMININ","ECM-Receptor","KEGG: hsa04512"
"16","16","LAMA5","ITGA6_ITGB1",0.00171167148708061,0,"LAMA5_ITGA6_ITGB1","LAMA5 - (ITGA6+ITGB1)","LAMININ","ECM-Receptor","KEGG: hsa04512"
"16","NK","LAMA5","ITGA6_ITGB1",0.000810066385060973,0.02,"LAMA5_ITGA6_ITGB1","LAMA5 - (ITGA6+ITGB1)","LAMININ","ECM-Receptor","KEGG: hsa04512"
"16","16","LAMB1","ITGA6_ITGB1",0.0186532856989507,0,"LAMB1_ITGA6_ITGB1","LAMB1 - (ITGA6+ITGB1)","LAMININ","ECM-Receptor","KEGG: hsa04512"
"16","IL10hi Macrophage","LAMB1","ITGA6_ITGB1",0.00696313742493685,0,"LAMB1_ITGA6_ITGB1","LAMB1 - (ITGA6+ITGB1)","LAMININ","ECM-Receptor","KEGG: hsa04512"
"16","NK","LAMB1","ITGA6_ITGB1",0.00890748711337261,0,"LAMB1_ITGA6_ITGB1","LAMB1 - (ITGA6+ITGB1)","LAMININ","ECM-Receptor","KEGG: hsa04512"
"16","16","LAMB2","ITGA6_ITGB1",0.0146355310092694,0,"LAMB2_ITGA6_ITGB1","LAMB2 - (ITGA6+ITGB1)","LAMININ","ECM-Receptor","KEGG: hsa04512"
"16","IL10hi Macrophage","LAMB2","ITGA6_ITGB1",0.00544935643938482,0,"LAMB2_ITGA6_ITGB1","LAMB2 - (ITGA6+ITGB1)","LAMININ","ECM-Receptor","KEGG: hsa04512"
"16","NK","LAMB2","ITGA6_ITGB1",0.00697397449802338,0,"LAMB2_ITGA6_ITGB1","LAMB2 - (ITGA6+ITGB1)","LAMININ","ECM-Receptor","KEGG: hsa04512"
"gamma-delta T","16","LAMB3","ITGA6_ITGB1",0.00347125154624129,0,"LAMB3_ITGA6_ITGB1","LAMB3 - (ITGA6+ITGB1)","LAMININ","ECM-Receptor","KEGG: hsa04512"
"gamma-delta T","IL10hi Macrophage","LAMB3","ITGA6_ITGB1",0.00128335046166674,0,"LAMB3_ITGA6_ITGB1","LAMB3 - (ITGA6+ITGB1)","LAMININ","ECM-Receptor","KEGG: hsa04512"
"gamma-delta T","NK","LAMB3","ITGA6_ITGB1",0.00164433264869341,0,"LAMB3_ITGA6_ITGB1","LAMB3 - (ITGA6+ITGB1)","LAMININ","ECM-Receptor","KEGG: hsa04512"
"16","16","LAMC1","ITGA6_ITGB1",0.0361889278654435,0,"LAMC1_ITGA6_ITGB1","LAMC1 - (ITGA6+ITGB1)","LAMININ","ECM-Receptor","KEGG: hsa04512"
"16","IL10hi Macrophage","LAMC1","ITGA6_ITGB1",0.0136620625814528,0,"LAMC1_ITGA6_ITGB1","LAMC1 - (ITGA6+ITGB1)","LAMININ","ECM-Receptor","KEGG: hsa04512"
"16","NK","LAMC1","ITGA6_ITGB1",0.0174441254167859,0,"LAMC1_ITGA6_ITGB1","LAMC1 - (ITGA6+ITGB1)","LAMININ","ECM-Receptor","KEGG: hsa04512"
"16","16","LAMA2","ITGA7_ITGB1",0.0200710221298145,0,"LAMA2_ITGA7_ITGB1","LAMA2 - (ITGA7+ITGB1)","LAMININ","ECM-Receptor","KEGG: hsa04512"
"16","16","LAMA4","ITGA7_ITGB1",0.0207245825129421,0,"LAMA4_ITGA7_ITGB1","LAMA4 - (ITGA7+ITGB1)","LAMININ","ECM-Receptor","KEGG: hsa04512"
"16","16","LAMA5","ITGA7_ITGB1",0.00322363159570253,0,"LAMA5_ITGA7_ITGB1","LAMA5 - (ITGA7+ITGB1)","LAMININ","ECM-Receptor","KEGG: hsa04512"
"16","16","LAMB1","ITGA7_ITGB1",0.0346113320498446,0,"LAMB1_ITGA7_ITGB1","LAMB1 - (ITGA7+ITGB1)","LAMININ","ECM-Receptor","KEGG: hsa04512"
"16","16","LAMB2","ITGA7_ITGB1",0.0272518046907412,0,"LAMB2_ITGA7_ITGB1","LAMB2 - (ITGA7+ITGB1)","LAMININ","ECM-Receptor","KEGG: hsa04512"
"gamma-delta T","16","LAMB3","ITGA7_ITGB1",0.00652732786085356,0,"LAMB3_ITGA7_ITGB1","LAMB3 - (ITGA7+ITGB1)","LAMININ","ECM-Receptor","KEGG: hsa04512"
"16","16","LAMC1","ITGA7_ITGB1",0.066137815068736,0,"LAMC1_ITGA7_ITGB1","LAMC1 - (ITGA7+ITGB1)","LAMININ","ECM-Receptor","KEGG: hsa04512"
"gamma-delta T","16","LAMC1","ITGA7_ITGB1",0.00300595398555511,0,"LAMC1_ITGA7_ITGB1","LAMC1 - (ITGA7+ITGB1)","LAMININ","ECM-Receptor","KEGG: hsa04512"
"NK","16","LAMC1","ITGA7_ITGB1",0.00361238191855009,0,"LAMC1_ITGA7_ITGB1","LAMC1 - (ITGA7+ITGB1)","LAMININ","ECM-Receptor","KEGG: hsa04512"
"16","16","TNC","ITGA8_ITGB1",0.0138127875384308,0,"TNC_ITGA8_ITGB1","TNC - (ITGA8+ITGB1)","TENASCIN","ECM-Receptor","KEGG: hsa04512"
"16","16","TNC","ITGA9_ITGB1",0.00795371277786712,0,"TNC_ITGA9_ITGB1","TNC - (ITGA9+ITGB1)","TENASCIN","ECM-Receptor","KEGG: hsa04512"
"16","16","COL1A1","ITGA9_ITGB1",0.0390115121495546,0,"COL1A1_ITGA9_ITGB1","COL1A1 - (ITGA9+ITGB1)","COLLAGEN","ECM-Receptor","KEGG: hsa04512"
"DUSP4hi CD4+ T","16","COL1A1","ITGA9_ITGB1",0.00475150279754127,0,"COL1A1_ITGA9_ITGB1","COL1A1 - (ITGA9+ITGB1)","COLLAGEN","ECM-Receptor","KEGG: hsa04512"
"gamma-delta T","16","COL1A1","ITGA9_ITGB1",0.0219120957659486,0,"COL1A1_ITGA9_ITGB1","COL1A1 - (ITGA9+ITGB1)","COLLAGEN","ECM-Receptor","KEGG: hsa04512"
"IL10hi Macrophage","16","COL1A1","ITGA9_ITGB1",0.0203394407164217,0,"COL1A1_ITGA9_ITGB1","COL1A1 - (ITGA9+ITGB1)","COLLAGEN","ECM-Receptor","KEGG: hsa04512"
"NK","16","COL1A1","ITGA9_ITGB1",0.00588455206937605,0,"COL1A1_ITGA9_ITGB1","COL1A1 - (ITGA9+ITGB1)","COLLAGEN","ECM-Receptor","KEGG: hsa04512"
"Treg","16","COL1A1","ITGA9_ITGB1",0.00550130284606871,0,"COL1A1_ITGA9_ITGB1","COL1A1 - (ITGA9+ITGB1)","COLLAGEN","ECM-Receptor","KEGG: hsa04512"
"16","16","COL1A2","ITGA9_ITGB1",0.0354424628375363,0,"COL1A2_ITGA9_ITGB1","COL1A2 - (ITGA9+ITGB1)","COLLAGEN","ECM-Receptor","KEGG: hsa04512"
"DUSP4hi CD4+ T","16","COL1A2","ITGA9_ITGB1",0.00168598365677115,0,"COL1A2_ITGA9_ITGB1","COL1A2 - (ITGA9+ITGB1)","COLLAGEN","ECM-Receptor","KEGG: hsa04512"
"gamma-delta T","16","COL1A2","ITGA9_ITGB1",0.0124212862935252,0,"COL1A2_ITGA9_ITGB1","COL1A2 - (ITGA9+ITGB1)","COLLAGEN","ECM-Receptor","KEGG: hsa04512"
"IL10hi Macrophage","16","COL1A2","ITGA9_ITGB1",0.0133793539335925,0,"COL1A2_ITGA9_ITGB1","COL1A2 - (ITGA9+ITGB1)","COLLAGEN","ECM-Receptor","KEGG: hsa04512"
"NK","16","COL1A2","ITGA9_ITGB1",0.00423829797542694,0,"COL1A2_ITGA9_ITGB1","COL1A2 - (ITGA9+ITGB1)","COLLAGEN","ECM-Receptor","KEGG: hsa04512"
"16","16","COL4A1","ITGA9_ITGB1",0.0195936393383365,0,"COL4A1_ITGA9_ITGB1","COL4A1 - (ITGA9+ITGB1)","COLLAGEN","ECM-Receptor","KEGG: hsa04512"
"gamma-delta T","16","COL4A1","ITGA9_ITGB1",0.00124296802588311,0,"COL4A1_ITGA9_ITGB1","COL4A1 - (ITGA9+ITGB1)","COLLAGEN","ECM-Receptor","KEGG: hsa04512"
"IL10hi Macrophage","16","COL4A1","ITGA9_ITGB1",8.79571397187689e-05,0,"COL4A1_ITGA9_ITGB1","COL4A1 - (ITGA9+ITGB1)","COLLAGEN","ECM-Receptor","KEGG: hsa04512"
"16","16","COL4A2","ITGA9_ITGB1",0.0162864424296129,0,"COL4A2_ITGA9_ITGB1","COL4A2 - (ITGA9+ITGB1)","COLLAGEN","ECM-Receptor","KEGG: hsa04512"
"gamma-delta T","16","COL4A2","ITGA9_ITGB1",0.00437237972419228,0,"COL4A2_ITGA9_ITGB1","COL4A2 - (ITGA9+ITGB1)","COLLAGEN","ECM-Receptor","KEGG: hsa04512"
"IL10hi Macrophage","16","COL4A2","ITGA9_ITGB1",0.00267008134767625,0,"COL4A2_ITGA9_ITGB1","COL4A2 - (ITGA9+ITGB1)","COLLAGEN","ECM-Receptor","KEGG: hsa04512"
"16","16","COL6A1","ITGA9_ITGB1",0.0264612192653621,0,"COL6A1_ITGA9_ITGB1","COL6A1 - (ITGA9+ITGB1)","COLLAGEN","ECM-Receptor","KEGG: hsa04512"
"DUSP4hi CD4+ T","16","COL6A1","ITGA9_ITGB1",0.00102907056732345,0,"COL6A1_ITGA9_ITGB1","COL6A1 - (ITGA9+ITGB1)","COLLAGEN","ECM-Receptor","KEGG: hsa04512"
"gamma-delta T","16","COL6A1","ITGA9_ITGB1",0.00465546727622372,0,"COL6A1_ITGA9_ITGB1","COL6A1 - (ITGA9+ITGB1)","COLLAGEN","ECM-Receptor","KEGG: hsa04512"
"IL10hi Macrophage","16","COL6A1","ITGA9_ITGB1",0.00456406498180193,0,"COL6A1_ITGA9_ITGB1","COL6A1 - (ITGA9+ITGB1)","COLLAGEN","ECM-Receptor","KEGG: hsa04512"
"16","16","COL6A2","ITGA9_ITGB1",0.0185725421921328,0,"COL6A2_ITGA9_ITGB1","COL6A2 - (ITGA9+ITGB1)","COLLAGEN","ECM-Receptor","KEGG: hsa04512"
"gamma-delta T","16","COL6A2","ITGA9_ITGB1",0.00572607010631005,0,"COL6A2_ITGA9_ITGB1","COL6A2 - (ITGA9+ITGB1)","COLLAGEN","ECM-Receptor","KEGG: hsa04512"
"IL10hi Macrophage","16","COL6A2","ITGA9_ITGB1",0.00366207112427041,0,"COL6A2_ITGA9_ITGB1","COL6A2 - (ITGA9+ITGB1)","COLLAGEN","ECM-Receptor","KEGG: hsa04512"
"16","16","COL6A3","ITGA9_ITGB1",0.0166428848576089,0,"COL6A3_ITGA9_ITGB1","COL6A3 - (ITGA9+ITGB1)","COLLAGEN","ECM-Receptor","KEGG: hsa04512"
"16","16","LAMA2","ITGA9_ITGB1",0.00537415287190836,0,"LAMA2_ITGA9_ITGB1","LAMA2 - (ITGA9+ITGB1)","LAMININ","ECM-Receptor","KEGG: hsa04512"
"16","16","LAMA4","ITGA9_ITGB1",0.00555185946154013,0,"LAMA4_ITGA9_ITGB1","LAMA4 - (ITGA9+ITGB1)","LAMININ","ECM-Receptor","KEGG: hsa04512"
"16","16","LAMA5","ITGA9_ITGB1",0.000852418169306052,0,"LAMA5_ITGA9_ITGB1","LAMA5 - (ITGA9+ITGB1)","LAMININ","ECM-Receptor","KEGG: hsa04512"
"16","16","LAMB1","ITGA9_ITGB1",0.00936921752570819,0,"LAMB1_ITGA9_ITGB1","LAMB1 - (ITGA9+ITGB1)","LAMININ","ECM-Receptor","KEGG: hsa04512"
"16","16","LAMB2","ITGA9_ITGB1",0.00733622082400461,0,"LAMB2_ITGA9_ITGB1","LAMB2 - (ITGA9+ITGB1)","LAMININ","ECM-Receptor","KEGG: hsa04512"
"gamma-delta T","16","LAMB3","ITGA9_ITGB1",0.00173022590360875,0,"LAMB3_ITGA9_ITGB1","LAMB3 - (ITGA9+ITGB1)","LAMININ","ECM-Receptor","KEGG: hsa04512"
"16","16","LAMC1","ITGA9_ITGB1",0.0183401742474608,0,"LAMC1_ITGA9_ITGB1","LAMC1 - (ITGA9+ITGB1)","LAMININ","ECM-Receptor","KEGG: hsa04512"
"gamma-delta T","16","LAMC1","ITGA9_ITGB1",0.000794730471691186,0,"LAMC1_ITGA9_ITGB1","LAMC1 - (ITGA9+ITGB1)","LAMININ","ECM-Receptor","KEGG: hsa04512"
"NK","16","LAMC1","ITGA9_ITGB1",0.000955488714491496,0,"LAMC1_ITGA9_ITGB1","LAMC1 - (ITGA9+ITGB1)","LAMININ","ECM-Receptor","KEGG: hsa04512"
"16","16","COL1A1","ITGA11_ITGB1",0.0751070841264312,0,"COL1A1_ITGA11_ITGB1","COL1A1 - (ITGA11+ITGB1)","COLLAGEN","ECM-Receptor","KEGG: hsa04512"
"DUSP4hi CD4+ T","16","COL1A1","ITGA11_ITGB1",0.00945989620789543,0.01,"COL1A1_ITGA11_ITGB1","COL1A1 - (ITGA11+ITGB1)","COLLAGEN","ECM-Receptor","KEGG: hsa04512"
"gamma-delta T","16","COL1A1","ITGA11_ITGB1",0.0428925224851644,0,"COL1A1_ITGA11_ITGB1","COL1A1 - (ITGA11+ITGB1)","COLLAGEN","ECM-Receptor","KEGG: hsa04512"
"IL10hi Macrophage","16","COL1A1","ITGA11_ITGB1",0.0398754684644366,0,"COL1A1_ITGA11_ITGB1","COL1A1 - (ITGA11+ITGB1)","COLLAGEN","ECM-Receptor","KEGG: hsa04512"
"NK","16","COL1A1","ITGA11_ITGB1",0.011702512881497,0,"COL1A1_ITGA11_ITGB1","COL1A1 - (ITGA11+ITGB1)","COLLAGEN","ECM-Receptor","KEGG: hsa04512"
"Treg","16","COL1A1","ITGA11_ITGB1",0.0109445229533705,0.01,"COL1A1_ITGA11_ITGB1","COL1A1 - (ITGA11+ITGB1)","COLLAGEN","ECM-Receptor","KEGG: hsa04512"
"16","16","COL1A2","ITGA11_ITGB1",0.0684710458100381,0,"COL1A2_ITGA11_ITGB1","COL1A2 - (ITGA11+ITGB1)","COLLAGEN","ECM-Receptor","KEGG: hsa04512"
"DUSP4hi CD4+ T","16","COL1A2","ITGA11_ITGB1",0.00336694736457866,0.01,"COL1A2_ITGA11_ITGB1","COL1A2 - (ITGA11+ITGB1)","COLLAGEN","ECM-Receptor","KEGG: hsa04512"
"gamma-delta T","16","COL1A2","ITGA11_ITGB1",0.0245424588214539,0,"COL1A2_ITGA11_ITGB1","COL1A2 - (ITGA11+ITGB1)","COLLAGEN","ECM-Receptor","KEGG: hsa04512"
"IL10hi Macrophage","16","COL1A2","ITGA11_ITGB1",0.0264104437935353,0,"COL1A2_ITGA11_ITGB1","COL1A2 - (ITGA11+ITGB1)","COLLAGEN","ECM-Receptor","KEGG: hsa04512"
"NK","16","COL1A2","ITGA11_ITGB1",0.00844245666045784,0,"COL1A2_ITGA11_ITGB1","COL1A2 - (ITGA11+ITGB1)","COLLAGEN","ECM-Receptor","KEGG: hsa04512"
"16","16","COL4A1","ITGA11_ITGB1",0.0384414339834316,0,"COL4A1_ITGA11_ITGB1","COL4A1 - (ITGA11+ITGB1)","COLLAGEN","ECM-Receptor","KEGG: hsa04512"
"gamma-delta T","16","COL4A1","ITGA11_ITGB1",0.00248333389664823,0,"COL4A1_ITGA11_ITGB1","COL4A1 - (ITGA11+ITGB1)","COLLAGEN","ECM-Receptor","KEGG: hsa04512"
"IL10hi Macrophage","16","COL4A1","ITGA11_ITGB1",0.000175933172737725,0.02,"COL4A1_ITGA11_ITGB1","COL4A1 - (ITGA11+ITGB1)","COLLAGEN","ECM-Receptor","KEGG: hsa04512"
"16","16","COL4A2","ITGA11_ITGB1",0.0320569519143808,0,"COL4A2_ITGA11_ITGB1","COL4A2 - (ITGA11+ITGB1)","COLLAGEN","ECM-Receptor","KEGG: hsa04512"
"gamma-delta T","16","COL4A2","ITGA11_ITGB1",0.00870837697683472,0,"COL4A2_ITGA11_ITGB1","COL4A2 - (ITGA11+ITGB1)","COLLAGEN","ECM-Receptor","KEGG: hsa04512"
"IL10hi Macrophage","16","COL4A2","ITGA11_ITGB1",0.00532697715062319,0,"COL4A2_ITGA11_ITGB1","COL4A2 - (ITGA11+ITGB1)","COLLAGEN","ECM-Receptor","KEGG: hsa04512"
"16","16","COL6A1","ITGA11_ITGB1",0.0515677021173677,0,"COL6A1_ITGA11_ITGB1","COL6A1 - (ITGA11+ITGB1)","COLLAGEN","ECM-Receptor","KEGG: hsa04512"
"DUSP4hi CD4+ T","16","COL6A1","ITGA11_ITGB1",0.00205642626389287,0.01,"COL6A1_ITGA11_ITGB1","COL6A1 - (ITGA11+ITGB1)","COLLAGEN","ECM-Receptor","KEGG: hsa04512"
"gamma-delta T","16","COL6A1","ITGA11_ITGB1",0.00926958281938337,0,"COL6A1_ITGA11_ITGB1","COL6A1 - (ITGA11+ITGB1)","COLLAGEN","ECM-Receptor","KEGG: hsa04512"
"IL10hi Macrophage","16","COL6A1","ITGA11_ITGB1",0.00908841727693082,0,"COL6A1_ITGA11_ITGB1","COL6A1 - (ITGA11+ITGB1)","COLLAGEN","ECM-Receptor","KEGG: hsa04512"
"16","16","COL6A2","ITGA11_ITGB1",0.0364746508594401,0,"COL6A2_ITGA11_ITGB1","COL6A2 - (ITGA11+ITGB1)","COLLAGEN","ECM-Receptor","KEGG: hsa04512"
"gamma-delta T","16","COL6A2","ITGA11_ITGB1",0.0113891374928345,0,"COL6A2_ITGA11_ITGB1","COL6A2 - (ITGA11+ITGB1)","COLLAGEN","ECM-Receptor","KEGG: hsa04512"
"IL10hi Macrophage","16","COL6A2","ITGA11_ITGB1",0.0072988341021093,0,"COL6A2_ITGA11_ITGB1","COL6A2 - (ITGA11+ITGB1)","COLLAGEN","ECM-Receptor","KEGG: hsa04512"
"16","16","COL6A3","ITGA11_ITGB1",0.032747055345483,0,"COL6A3_ITGA11_ITGB1","COL6A3 - (ITGA11+ITGB1)","COLLAGEN","ECM-Receptor","KEGG: hsa04512"
"16","16","FN1","ITGAV_ITGB1",0.078329359979394,0,"FN1_ITGAV_ITGB1","FN1 - (ITGAV+ITGB1)","FN1","ECM-Receptor","KEGG: hsa04512"
"gamma-delta T","16","FN1","ITGAV_ITGB1",0.00821448002500303,0,"FN1_ITGAV_ITGB1","FN1 - (ITGAV+ITGB1)","FN1","ECM-Receptor","KEGG: hsa04512"
"IL10hi Macrophage","16","FN1","ITGAV_ITGB1",0.00513447076297195,0,"FN1_ITGAV_ITGB1","FN1 - (ITGAV+ITGB1)","FN1","ECM-Receptor","KEGG: hsa04512"
"16","gamma-delta T","FN1","ITGAV_ITGB1",0.0179811940242642,0,"FN1_ITGAV_ITGB1","FN1 - (ITGAV+ITGB1)","FN1","ECM-Receptor","KEGG: hsa04512"
"16","NK","FN1","ITGAV_ITGB1",0.0126103788895858,0,"FN1_ITGAV_ITGB1","FN1 - (ITGAV+ITGB1)","FN1","ECM-Receptor","KEGG: hsa04512"
"16","DUSP4hi CD4+ T","FN1","ITGA4_ITGB7",0.00993608727735162,0.01,"FN1_ITGA4_ITGB7","FN1 - (ITGA4+ITGB7)","FN1","ECM-Receptor","KEGG: hsa04512"
"16","IL10hi Macrophage","FN1","ITGA4_ITGB7",0.0219586521196649,0,"FN1_ITGA4_ITGB7","FN1 - (ITGA4+ITGB7)","FN1","ECM-Receptor","KEGG: hsa04512"
"16","NK","FN1","ITGA4_ITGB7",0.0327321465879361,0,"FN1_ITGA4_ITGB7","FN1 - (ITGA4+ITGB7)","FN1","ECM-Receptor","KEGG: hsa04512"
"16","16","FN1","ITGAV_ITGB8",0.0168205448300153,0,"FN1_ITGAV_ITGB8","FN1 - (ITGAV+ITGB8)","FN1","ECM-Receptor","KEGG: hsa04512"
"gamma-delta T","16","FN1","ITGAV_ITGB8",0.00166455153615142,0,"FN1_ITGAV_ITGB8","FN1 - (ITGAV+ITGB8)","FN1","ECM-Receptor","KEGG: hsa04512"
"IL10hi Macrophage","16","FN1","ITGAV_ITGB8",0.0010378599901478,0,"FN1_ITGAV_ITGB8","FN1 - (ITGAV+ITGB8)","FN1","ECM-Receptor","KEGG: hsa04512"
"NK","16","FN1","ITGAV_ITGB8",0.000937642290143962,0,"FN1_ITGAV_ITGB8","FN1 - (ITGAV+ITGB8)","FN1","ECM-Receptor","KEGG: hsa04512"
"16","16","LAMA2","ITGAV_ITGB8",0.00368995367064373,0,"LAMA2_ITGAV_ITGB8","LAMA2 - (ITGAV+ITGB8)","LAMININ","ECM-Receptor","KEGG: hsa04512"
"16","16","LAMA4","ITGAV_ITGB8",0.00381218246164552,0,"LAMA4_ITGAV_ITGB8","LAMA4 - (ITGAV+ITGB8)","LAMININ","ECM-Receptor","KEGG: hsa04512"
"16","16","LAMA5","ITGAV_ITGB8",0.000584447208687068,0,"LAMA5_ITGAV_ITGB8","LAMA5 - (ITGAV+ITGB8)","LAMININ","ECM-Receptor","KEGG: hsa04512"
"16","16","LAMB1","ITGAV_ITGB8",0.00644111780151025,0,"LAMB1_ITGAV_ITGB8","LAMB1 - (ITGAV+ITGB8)","LAMININ","ECM-Receptor","KEGG: hsa04512"
"16","16","LAMB2","ITGAV_ITGB8",0.00504024748862564,0,"LAMB2_ITGAV_ITGB8","LAMB2 - (ITGAV+ITGB8)","LAMININ","ECM-Receptor","KEGG: hsa04512"
"gamma-delta T","16","LAMB3","ITGAV_ITGB8",0.00118663010918811,0,"LAMB3_ITGAV_ITGB8","LAMB3 - (ITGAV+ITGB8)","LAMININ","ECM-Receptor","KEGG: hsa04512"
"16","16","LAMC1","ITGAV_ITGB8",0.0126442256777141,0,"LAMC1_ITGAV_ITGB8","LAMC1 - (ITGAV+ITGB8)","LAMININ","ECM-Receptor","KEGG: hsa04512"
"gamma-delta T","16","LAMC1","ITGAV_ITGB8",0.000544884649586297,0.01,"LAMC1_ITGAV_ITGB8","LAMC1 - (ITGAV+ITGB8)","LAMININ","ECM-Receptor","KEGG: hsa04512"
"NK","16","LAMC1","ITGAV_ITGB8",0.000655137164474325,0,"LAMC1_ITGAV_ITGB8","LAMC1 - (ITGAV+ITGB8)","LAMININ","ECM-Receptor","KEGG: hsa04512"
"16","16","COL1A1","ITGAV_ITGB8",0.0270726725353181,0,"COL1A1_ITGAV_ITGB8","COL1A1 - (ITGAV+ITGB8)","COLLAGEN","ECM-Receptor","KEGG: hsa04512"
"DUSP4hi CD4+ T","16","COL1A1","ITGAV_ITGB8",0.00326179522403602,0.01,"COL1A1_ITGAV_ITGB8","COL1A1 - (ITGAV+ITGB8)","COLLAGEN","ECM-Receptor","KEGG: hsa04512"
"gamma-delta T","16","COL1A1","ITGAV_ITGB8",0.0151238986036482,0,"COL1A1_ITGAV_ITGB8","COL1A1 - (ITGAV+ITGB8)","COLLAGEN","ECM-Receptor","KEGG: hsa04512"
"IL10hi Macrophage","16","COL1A1","ITGAV_ITGB8",0.0140314506601165,0,"COL1A1_ITGAV_ITGB8","COL1A1 - (ITGAV+ITGB8)","COLLAGEN","ECM-Receptor","KEGG: hsa04512"
"NK","16","COL1A1","ITGAV_ITGB8",0.0040410493593479,0,"COL1A1_ITGAV_ITGB8","COL1A1 - (ITGAV+ITGB8)","COLLAGEN","ECM-Receptor","KEGG: hsa04512"
"Treg","16","COL1A1","ITGAV_ITGB8",0.00377740760284476,0.01,"COL1A1_ITGAV_ITGB8","COL1A1 - (ITGAV+ITGB8)","COLLAGEN","ECM-Receptor","KEGG: hsa04512"
"16","16","COL1A2","ITGAV_ITGB8",0.0245679491151182,0,"COL1A2_ITGAV_ITGB8","COL1A2 - (ITGAV+ITGB8)","COLLAGEN","ECM-Receptor","KEGG: hsa04512"
"DUSP4hi CD4+ T","16","COL1A2","ITGAV_ITGB8",0.00115627162333948,0.01,"COL1A2_ITGAV_ITGB8","COL1A2 - (ITGAV+ITGB8)","COLLAGEN","ECM-Receptor","KEGG: hsa04512"
"gamma-delta T","16","COL1A2","ITGAV_ITGB8",0.0085475738112357,0,"COL1A2_ITGAV_ITGB8","COL1A2 - (ITGAV+ITGB8)","COLLAGEN","ECM-Receptor","KEGG: hsa04512"
"IL10hi Macrophage","16","COL1A2","ITGAV_ITGB8",0.00920964399653073,0,"COL1A2_ITGAV_ITGB8","COL1A2 - (ITGAV+ITGB8)","COLLAGEN","ECM-Receptor","KEGG: hsa04512"
"NK","16","COL1A2","ITGAV_ITGB8",0.00290902184952979,0,"COL1A2_ITGAV_ITGB8","COL1A2 - (ITGAV+ITGB8)","COLLAGEN","ECM-Receptor","KEGG: hsa04512"
"16","16","COL4A1","ITGAV_ITGB8",0.0135137584135885,0,"COL4A1_ITGAV_ITGB8","COL4A1 - (ITGAV+ITGB8)","COLLAGEN","ECM-Receptor","KEGG: hsa04512"
"gamma-delta T","16","COL4A1","ITGAV_ITGB8",0.000852326354084855,0,"COL4A1_ITGAV_ITGB8","COL4A1 - (ITGAV+ITGB8)","COLLAGEN","ECM-Receptor","KEGG: hsa04512"
"IL10hi Macrophage","16","COL4A1","ITGAV_ITGB8",6.02919378074046e-05,0.01,"COL4A1_ITGAV_ITGB8","COL4A1 - (ITGAV+ITGB8)","COLLAGEN","ECM-Receptor","KEGG: hsa04512"
"16","16","COL4A2","ITGAV_ITGB8",0.0112210350517423,0,"COL4A2_ITGAV_ITGB8","COL4A2 - (ITGAV+ITGB8)","COLLAGEN","ECM-Receptor","KEGG: hsa04512"
"gamma-delta T","16","COL4A2","ITGAV_ITGB8",0.00300117769149431,0,"COL4A2_ITGAV_ITGB8","COL4A2 - (ITGAV+ITGB8)","COLLAGEN","ECM-Receptor","KEGG: hsa04512"
"IL10hi Macrophage","16","COL4A2","ITGAV_ITGB8",0.00183174716021755,0,"COL4A2_ITGAV_ITGB8","COL4A2 - (ITGAV+ITGB8)","COLLAGEN","ECM-Receptor","KEGG: hsa04512"
"16","16","COL6A1","ITGAV_ITGB8",0.0182900923348403,0,"COL6A1_ITGAV_ITGB8","COL6A1 - (ITGAV+ITGB8)","COLLAGEN","ECM-Receptor","KEGG: hsa04512"
"DUSP4hi CD4+ T","16","COL6A1","ITGAV_ITGB8",0.000705605385377328,0.01,"COL6A1_ITGAV_ITGB8","COL6A1 - (ITGAV+ITGB8)","COLLAGEN","ECM-Receptor","KEGG: hsa04512"
"gamma-delta T","16","COL6A1","ITGAV_ITGB8",0.00319577240902593,0,"COL6A1_ITGAV_ITGB8","COL6A1 - (ITGAV+ITGB8)","COLLAGEN","ECM-Receptor","KEGG: hsa04512"
"IL10hi Macrophage","16","COL6A1","ITGAV_ITGB8",0.00313293857016195,0,"COL6A1_ITGAV_ITGB8","COL6A1 - (ITGAV+ITGB8)","COLLAGEN","ECM-Receptor","KEGG: hsa04512"
"16","16","COL6A2","ITGAV_ITGB8",0.0128053679853448,0,"COL6A2_ITGAV_ITGB8","COL6A2 - (ITGAV+ITGB8)","COLLAGEN","ECM-Receptor","KEGG: hsa04512"
"gamma-delta T","16","COL6A2","ITGAV_ITGB8",0.00393201998644005,0,"COL6A2_ITGAV_ITGB8","COL6A2 - (ITGAV+ITGB8)","COLLAGEN","ECM-Receptor","KEGG: hsa04512"
"IL10hi Macrophage","16","COL6A2","ITGAV_ITGB8",0.00251306346699665,0,"COL6A2_ITGAV_ITGB8","COL6A2 - (ITGAV+ITGB8)","COLLAGEN","ECM-Receptor","KEGG: hsa04512"
"16","16","COL6A3","ITGAV_ITGB8",0.011467909187025,0,"COL6A3_ITGAV_ITGB8","COL6A3 - (ITGAV+ITGB8)","COLLAGEN","ECM-Receptor","KEGG: hsa04512"
"16","16","FN1","CD44",0.0660709172601057,0,"FN1_CD44","FN1 - CD44","FN1","ECM-Receptor","KEGG: hsa04512"
"16","DUSP4hi CD4+ T","FN1","CD44",0.162126711939819,0,"FN1_CD44","FN1 - CD44","FN1","ECM-Receptor","KEGG: hsa04512"
"16","gamma-delta T","FN1","CD44",0.161310801996489,0,"FN1_CD44","FN1 - CD44","FN1","ECM-Receptor","KEGG: hsa04512"
"16","IL10hi Macrophage","FN1","CD44",0.166202102152596,0,"FN1_CD44","FN1 - CD44","FN1","ECM-Receptor","KEGG: hsa04512"
"16","NK","FN1","CD44",0.168457758188961,0,"FN1_CD44","FN1 - CD44","FN1","ECM-Receptor","KEGG: hsa04512"
"16","Treg","FN1","CD44",0.110567782173167,0,"FN1_CD44","FN1 - CD44","FN1","ECM-Receptor","KEGG: hsa04512"
"16","DUSP4hi CD4+ T","COL1A1","CD44",0.239379820631869,0,"COL1A1_CD44","COL1A1 - CD44","COLLAGEN","ECM-Receptor","KEGG: hsa04512"
"IL10hi Macrophage","DUSP4hi CD4+ T","COL1A1","CD44",0.13864127251255,0,"COL1A1_CD44","COL1A1 - CD44","COLLAGEN","ECM-Receptor","KEGG: hsa04512"
"16","gamma-delta T","COL1A1","CD44",0.238285697376536,0,"COL1A1_CD44","COL1A1 - CD44","COLLAGEN","ECM-Receptor","KEGG: hsa04512"
"IL10hi Macrophage","gamma-delta T","COL1A1","CD44",0.137924098337868,0.01,"COL1A1_CD44","COL1A1 - CD44","COLLAGEN","ECM-Receptor","KEGG: hsa04512"
"16","IL10hi Macrophage","COL1A1","CD44",0.244829692231876,0,"COL1A1_CD44","COL1A1 - CD44","COLLAGEN","ECM-Receptor","KEGG: hsa04512"
"gamma-delta T","IL10hi Macrophage","COL1A1","CD44",0.151763569110576,0.03,"COL1A1_CD44","COL1A1 - CD44","COLLAGEN","ECM-Receptor","KEGG: hsa04512"
"IL10hi Macrophage","IL10hi Macrophage","COL1A1","CD44",0.142226518668254,0,"COL1A1_CD44","COL1A1 - CD44","COLLAGEN","ECM-Receptor","KEGG: hsa04512"
"16","NK","COL1A1","CD44",0.247835277778526,0,"COL1A1_CD44","COL1A1 - CD44","COLLAGEN","ECM-Receptor","KEGG: hsa04512"
"gamma-delta T","NK","COL1A1","CD44",0.153859428283285,0.02,"COL1A1_CD44","COL1A1 - CD44","COLLAGEN","ECM-Receptor","KEGG: hsa04512"
"IL10hi Macrophage","NK","COL1A1","CD44",0.144213063082586,0.01,"COL1A1_CD44","COL1A1 - CD44","COLLAGEN","ECM-Receptor","KEGG: hsa04512"
"16","Treg","COL1A1","CD44",0.168184579263279,0.03,"COL1A1_CD44","COL1A1 - CD44","COLLAGEN","ECM-Receptor","KEGG: hsa04512"
"16","DUSP4hi CD4+ T","COL1A2","CD44",0.221708814650215,0,"COL1A2_CD44","COL1A2 - CD44","COLLAGEN","ECM-Receptor","KEGG: hsa04512"
"IL10hi Macrophage","DUSP4hi CD4+ T","COL1A2","CD44",0.095129748478305,0,"COL1A2_CD44","COL1A2 - CD44","COLLAGEN","ECM-Receptor","KEGG: hsa04512"
"16","gamma-delta T","COL1A2","CD44",0.220672026973799,0,"COL1A2_CD44","COL1A2 - CD44","COLLAGEN","ECM-Receptor","KEGG: hsa04512"
"16","IL10hi Macrophage","COL1A2","CD44",0.226876377064724,0,"COL1A2_CD44","COL1A2 - CD44","COLLAGEN","ECM-Receptor","KEGG: hsa04512"
"IL10hi Macrophage","IL10hi Macrophage","COL1A2","CD44",0.0977174414020738,0,"COL1A2_CD44","COL1A2 - CD44","COLLAGEN","ECM-Receptor","KEGG: hsa04512"
"16","NK","COL1A2","CD44",0.229728610665913,0,"COL1A2_CD44","COL1A2 - CD44","COLLAGEN","ECM-Receptor","KEGG: hsa04512"
"IL10hi Macrophage","NK","COL1A2","CD44",0.0991541695696266,0.03,"COL1A2_CD44","COL1A2 - CD44","COLLAGEN","ECM-Receptor","KEGG: hsa04512"
"16","Treg","COL1A2","CD44",0.154700275563096,0.01,"COL1A2_CD44","COL1A2 - CD44","COLLAGEN","ECM-Receptor","KEGG: hsa04512"
"16","16","COL4A1","CD44",0.0536098395018259,0,"COL4A1_CD44","COL4A1 - CD44","COLLAGEN","ECM-Receptor","KEGG: hsa04512"
"16","DUSP4hi CD4+ T","COL4A1","CD44",0.134151623012224,0,"COL4A1_CD44","COL4A1 - CD44","COLLAGEN","ECM-Receptor","KEGG: hsa04512"
"16","gamma-delta T","COL4A1","CD44",0.133454074981536,0,"COL4A1_CD44","COL4A1 - CD44","COLLAGEN","ECM-Receptor","KEGG: hsa04512"
"16","IL10hi Macrophage","COL4A1","CD44",0.13763931966937,0,"COL4A1_CD44","COL4A1 - CD44","COLLAGEN","ECM-Receptor","KEGG: hsa04512"
"16","NK","COL4A1","CD44",0.139572217900362,0,"COL4A1_CD44","COL4A1 - CD44","COLLAGEN","ECM-Receptor","KEGG: hsa04512"
"16","Treg","COL4A1","CD44",0.090528000550364,0,"COL4A1_CD44","COL4A1 - CD44","COLLAGEN","ECM-Receptor","KEGG: hsa04512"
"16","DUSP4hi CD4+ T","COL4A2","CD44",0.113751743043537,0,"COL4A2_CD44","COL4A2 - CD44","COLLAGEN","ECM-Receptor","KEGG: hsa04512"
"16","gamma-delta T","COL4A2","CD44",0.113146406919779,0,"COL4A2_CD44","COL4A2 - CD44","COLLAGEN","ECM-Receptor","KEGG: hsa04512"
"16","IL10hi Macrophage","COL4A2","CD44",0.116780611981644,0,"COL4A2_CD44","COL4A2 - CD44","COLLAGEN","ECM-Receptor","KEGG: hsa04512"
"16","NK","COL4A2","CD44",0.118460825250451,0,"COL4A2_CD44","COL4A2 - CD44","COLLAGEN","ECM-Receptor","KEGG: hsa04512"
"16","Treg","COL4A2","CD44",0.0761781477515377,0,"COL4A2_CD44","COL4A2 - CD44","COLLAGEN","ECM-Receptor","KEGG: hsa04512"
"16","16","COL6A1","CD44",0.0715302365899149,0,"COL6A1_CD44","COL6A1 - CD44","COLLAGEN","ECM-Receptor","KEGG: hsa04512"
"16","DUSP4hi CD4+ T","COL6A1","CD44",0.174043849793929,0,"COL6A1_CD44","COL6A1 - CD44","COLLAGEN","ECM-Receptor","KEGG: hsa04512"
"16","gamma-delta T","COL6A1","CD44",0.173180362273065,0,"COL6A1_CD44","COL6A1 - CD44","COLLAGEN","ECM-Receptor","KEGG: hsa04512"
"16","IL10hi Macrophage","COL6A1","CD44",0.178355035261436,0,"COL6A1_CD44","COL6A1 - CD44","COLLAGEN","ECM-Receptor","KEGG: hsa04512"
"IL10hi Macrophage","IL10hi Macrophage","COL6A1","CD44",0.035323582866396,0.04,"COL6A1_CD44","COL6A1 - CD44","COLLAGEN","ECM-Receptor","KEGG: hsa04512"
"16","NK","COL6A1","CD44",0.180739875213165,0,"COL6A1_CD44","COL6A1 - CD44","COLLAGEN","ECM-Receptor","KEGG: hsa04512"
"16","Treg","COL6A1","CD44",0.119234393943017,0,"COL6A1_CD44","COL6A1 - CD44","COLLAGEN","ECM-Receptor","KEGG: hsa04512"
"16","DUSP4hi CD4+ T","COL6A2","CD44",0.12793955404915,0,"COL6A2_CD44","COL6A2 - CD44","COLLAGEN","ECM-Receptor","KEGG: hsa04512"
"16","gamma-delta T","COL6A2","CD44",0.127269559054167,0,"COL6A2_CD44","COL6A2 - CD44","COLLAGEN","ECM-Receptor","KEGG: hsa04512"
"16","IL10hi Macrophage","COL6A2","CD44",0.13129023720311,0,"COL6A2_CD44","COL6A2 - CD44","COLLAGEN","ECM-Receptor","KEGG: hsa04512"
"16","NK","COL6A2","CD44",0.133147740379599,0,"COL6A2_CD44","COL6A2 - CD44","COLLAGEN","ECM-Receptor","KEGG: hsa04512"
"16","Treg","COL6A2","CD44",0.0861350257775071,0,"COL6A2_CD44","COL6A2 - CD44","COLLAGEN","ECM-Receptor","KEGG: hsa04512"
"16","16","COL6A3","CD44",0.0457755112167314,0,"COL6A3_CD44","COL6A3 - CD44","COLLAGEN","ECM-Receptor","KEGG: hsa04512"
"16","DUSP4hi CD4+ T","COL6A3","CD44",0.115989779962611,0,"COL6A3_CD44","COL6A3 - CD44","COLLAGEN","ECM-Receptor","KEGG: hsa04512"
"16","gamma-delta T","COL6A3","CD44",0.115374084456112,0,"COL6A3_CD44","COL6A3 - CD44","COLLAGEN","ECM-Receptor","KEGG: hsa04512"
"16","IL10hi Macrophage","COL6A3","CD44",0.119070234731186,0,"COL6A3_CD44","COL6A3 - CD44","COLLAGEN","ECM-Receptor","KEGG: hsa04512"
"16","NK","COL6A3","CD44",0.120778885732163,0,"COL6A3_CD44","COL6A3 - CD44","COLLAGEN","ECM-Receptor","KEGG: hsa04512"
"16","Treg","COL6A3","CD44",0.07774178080889,0,"COL6A3_CD44","COL6A3 - CD44","COLLAGEN","ECM-Receptor","KEGG: hsa04512"
"16","16","LAMA2","CD44",0.0150839399731426,0,"LAMA2_CD44","LAMA2 - CD44","LAMININ","ECM-Receptor","KEGG: hsa04512"
"16","DUSP4hi CD4+ T","LAMA2","CD44",0.040204447907908,0,"LAMA2_CD44","LAMA2 - CD44","LAMININ","ECM-Receptor","KEGG: hsa04512"
"16","gamma-delta T","LAMA2","CD44",0.0399728448860156,0,"LAMA2_CD44","LAMA2 - CD44","LAMININ","ECM-Receptor","KEGG: hsa04512"
"16","IL10hi Macrophage","LAMA2","CD44",0.0413663795700235,0,"LAMA2_CD44","LAMA2 - CD44","LAMININ","ECM-Receptor","KEGG: hsa04512"
"16","NK","LAMA2","CD44",0.0420131633212371,0,"LAMA2_CD44","LAMA2 - CD44","LAMININ","ECM-Receptor","KEGG: hsa04512"
"16","Treg","LAMA2","CD44",0.0262060728062356,0,"LAMA2_CD44","LAMA2 - CD44","LAMININ","ECM-Receptor","KEGG: hsa04512"
"16","16","LAMA4","CD44",0.0155776905534264,0,"LAMA4_CD44","LAMA4 - CD44","LAMININ","ECM-Receptor","KEGG: hsa04512"
"16","DUSP4hi CD4+ T","LAMA4","CD44",0.0414858458121945,0,"LAMA4_CD44","LAMA4 - CD44","LAMININ","ECM-Receptor","KEGG: hsa04512"
"16","gamma-delta T","LAMA4","CD44",0.0412471783553933,0,"LAMA4_CD44","LAMA4 - CD44","LAMININ","ECM-Receptor","KEGG: hsa04512"
"16","IL10hi Macrophage","LAMA4","CD44",0.0426831637062538,0,"LAMA4_CD44","LAMA4 - CD44","LAMININ","ECM-Receptor","KEGG: hsa04512"
"16","NK","LAMA4","CD44",0.0433496050077722,0,"LAMA4_CD44","LAMA4 - CD44","LAMININ","ECM-Receptor","KEGG: hsa04512"
"16","Treg","LAMA4","CD44",0.0270538897770757,0,"LAMA4_CD44","LAMA4 - CD44","LAMININ","ECM-Receptor","KEGG: hsa04512"
"16","DUSP4hi CD4+ T","LAMA5","CD44",0.00657060195842135,0,"LAMA5_CD44","LAMA5 - CD44","LAMININ","ECM-Receptor","KEGG: hsa04512"
"16","gamma-delta T","LAMA5","CD44",0.00653143265113711,0.02,"LAMA5_CD44","LAMA5 - CD44","LAMININ","ECM-Receptor","KEGG: hsa04512"
"16","IL10hi Macrophage","LAMA5","CD44",0.00676734979865272,0.01,"LAMA5_CD44","LAMA5 - CD44","LAMININ","ECM-Receptor","KEGG: hsa04512"
"16","NK","LAMA5","CD44",0.00687704148009205,0.03,"LAMA5_CD44","LAMA5 - CD44","LAMININ","ECM-Receptor","KEGG: hsa04512"
"16","16","LAMB1","CD44",0.0261076486465769,0.02,"LAMB1_CD44","LAMB1 - CD44","LAMININ","ECM-Receptor","KEGG: hsa04512"
"16","DUSP4hi CD4+ T","LAMB1","CD44",0.0683134800232129,0,"LAMB1_CD44","LAMB1 - CD44","LAMININ","ECM-Receptor","KEGG: hsa04512"
"16","gamma-delta T","LAMB1","CD44",0.0679314118313772,0,"LAMB1_CD44","LAMB1 - CD44","LAMININ","ECM-Receptor","KEGG: hsa04512"
"16","IL10hi Macrophage","LAMB1","CD44",0.0702283378864259,0,"LAMB1_CD44","LAMB1 - CD44","LAMININ","ECM-Receptor","KEGG: hsa04512"
"16","NK","LAMB1","CD44",0.0712928319261781,0,"LAMB1_CD44","LAMB1 - CD44","LAMININ","ECM-Receptor","KEGG: hsa04512"
"16","Treg","LAMB1","CD44",0.0449868377615327,0,"LAMB1_CD44","LAMB1 - CD44","LAMININ","ECM-Receptor","KEGG: hsa04512"
"16","16","LAMB2","CD44",0.020517859092752,0,"LAMB2_CD44","LAMB2 - CD44","LAMININ","ECM-Receptor","KEGG: hsa04512"
"16","DUSP4hi CD4+ T","LAMB2","CD44",0.0541900076681117,0,"LAMB2_CD44","LAMB2 - CD44","LAMININ","ECM-Receptor","KEGG: hsa04512"
"16","gamma-delta T","LAMB2","CD44",0.053882361894799,0,"LAMB2_CD44","LAMB2 - CD44","LAMININ","ECM-Receptor","KEGG: hsa04512"
"16","IL10hi Macrophage","LAMB2","CD44",0.0557326598174689,0,"LAMB2_CD44","LAMB2 - CD44","LAMININ","ECM-Receptor","KEGG: hsa04512"
"16","NK","LAMB2","CD44",0.0565908072755081,0,"LAMB2_CD44","LAMB2 - CD44","LAMININ","ECM-Receptor","KEGG: hsa04512"
"16","Treg","LAMB2","CD44",0.035502263178042,0,"LAMB2_CD44","LAMB2 - CD44","LAMININ","ECM-Receptor","KEGG: hsa04512"
"gamma-delta T","16","LAMB3","CD44",0.00488868274920348,0.01,"LAMB3_CD44","LAMB3 - CD44","LAMININ","ECM-Receptor","KEGG: hsa04512"
"gamma-delta T","DUSP4hi CD4+ T","LAMB3","CD44",0.0132587706262703,0,"LAMB3_CD44","LAMB3 - CD44","LAMININ","ECM-Receptor","KEGG: hsa04512"
"gamma-delta T","gamma-delta T","LAMB3","CD44",0.013180260136401,0,"LAMB3_CD44","LAMB3 - CD44","LAMININ","ECM-Receptor","KEGG: hsa04512"
"gamma-delta T","IL10hi Macrophage","LAMB3","CD44",0.0136530343302917,0,"LAMB3_CD44","LAMB3 - CD44","LAMININ","ECM-Receptor","KEGG: hsa04512"
"gamma-delta T","NK","LAMB3","CD44",0.0138727768888732,0,"LAMB3_CD44","LAMB3 - CD44","LAMININ","ECM-Receptor","KEGG: hsa04512"
"gamma-delta T","Treg","LAMB3","CD44",0.00855867453540649,0,"LAMB3_CD44","LAMB3 - CD44","LAMININ","ECM-Receptor","KEGG: hsa04512"
"16","16","LAMC1","CD44",0.0502918823527439,0,"LAMC1_CD44","LAMC1 - CD44","LAMININ","ECM-Receptor","KEGG: hsa04512"
"16","DUSP4hi CD4+ T","LAMC1","CD44",0.126515245743333,0,"LAMC1_CD44","LAMC1 - CD44","LAMININ","ECM-Receptor","KEGG: hsa04512"
"16","gamma-delta T","LAMC1","CD44",0.125851633155682,0,"LAMC1_CD44","LAMC1 - CD44","LAMININ","ECM-Receptor","KEGG: hsa04512"
"16","IL10hi Macrophage","LAMC1","CD44",0.129834180466348,0,"LAMC1_CD44","LAMC1 - CD44","LAMININ","ECM-Receptor","KEGG: hsa04512"
"16","NK","LAMC1","CD44",0.13167420574614,0,"LAMC1_CD44","LAMC1 - CD44","LAMININ","ECM-Receptor","KEGG: hsa04512"
"16","Treg","LAMC1","CD44",0.0851306812990908,0,"LAMC1_CD44","LAMC1 - CD44","LAMININ","ECM-Receptor","KEGG: hsa04512"
"16","16","COL1A1","SDC4",0.0252283440911391,0,"COL1A1_SDC4","COL1A1 - SDC4","COLLAGEN","ECM-Receptor","KEGG: hsa04512"
"gamma-delta T","16","COL1A1","SDC4",0.014081799835643,0.02,"COL1A1_SDC4","COL1A1 - SDC4","COLLAGEN","ECM-Receptor","KEGG: hsa04512"
"IL10hi Macrophage","16","COL1A1","SDC4",0.0130636275910017,0.02,"COL1A1_SDC4","COL1A1 - SDC4","COLLAGEN","ECM-Receptor","KEGG: hsa04512"
"16","gamma-delta T","COL1A1","SDC4",0.0549198371536168,0,"COL1A1_SDC4","COL1A1 - SDC4","COLLAGEN","ECM-Receptor","KEGG: hsa04512"
"gamma-delta T","gamma-delta T","COL1A1","SDC4",0.0310729927937424,0,"COL1A1_SDC4","COL1A1 - SDC4","COLLAGEN","ECM-Receptor","KEGG: hsa04512"
"IL10hi Macrophage","gamma-delta T","COL1A1","SDC4",0.0288622518616533,0,"COL1A1_SDC4","COL1A1 - SDC4","COLLAGEN","ECM-Receptor","KEGG: hsa04512"
"16","16","COL1A2","SDC4",0.0228902406470903,0,"COL1A2_SDC4","COL1A2 - SDC4","COLLAGEN","ECM-Receptor","KEGG: hsa04512"
"gamma-delta T","16","COL1A2","SDC4",0.00795495082102664,0.01,"COL1A2_SDC4","COL1A2 - SDC4","COLLAGEN","ECM-Receptor","KEGG: hsa04512"
"IL10hi Macrophage","16","COL1A2","SDC4",0.00857151500371376,0.03,"COL1A2_SDC4","COL1A2 - SDC4","COLLAGEN","ECM-Receptor","KEGG: hsa04512"
"16","gamma-delta T","COL1A2","SDC4",0.0499710622563157,0,"COL1A2_SDC4","COL1A2 - SDC4","COLLAGEN","ECM-Receptor","KEGG: hsa04512"
"gamma-delta T","gamma-delta T","COL1A2","SDC4",0.0176860623274209,0,"COL1A2_SDC4","COL1A2 - SDC4","COLLAGEN","ECM-Receptor","KEGG: hsa04512"
"IL10hi Macrophage","gamma-delta T","COL1A2","SDC4",0.0190423780545631,0,"COL1A2_SDC4","COL1A2 - SDC4","COLLAGEN","ECM-Receptor","KEGG: hsa04512"
"16","16","COL4A1","SDC4",0.0125811876640171,0,"COL4A1_SDC4","COL4A1 - SDC4","COLLAGEN","ECM-Receptor","KEGG: hsa04512"
"16","gamma-delta T","COL4A1","SDC4",0.0278128105392708,0,"COL4A1_SDC4","COL4A1 - SDC4","COLLAGEN","ECM-Receptor","KEGG: hsa04512"
"gamma-delta T","gamma-delta T","COL4A1","SDC4",0.00177833302191383,0.01,"COL4A1_SDC4","COL4A1 - SDC4","COLLAGEN","ECM-Receptor","KEGG: hsa04512"
"16","16","COL4A2","SDC4",0.0104450075816655,0,"COL4A2_SDC4","COL4A2 - SDC4","COLLAGEN","ECM-Receptor","KEGG: hsa04512"
"gamma-delta T","16","COL4A2","SDC4",0.00279201621540492,0.02,"COL4A2_SDC4","COL4A2 - SDC4","COLLAGEN","ECM-Receptor","KEGG: hsa04512"
"16","gamma-delta T","COL4A2","SDC4",0.0231510649182501,0,"COL4A2_SDC4","COL4A2 - SDC4","COLLAGEN","ECM-Receptor","KEGG: hsa04512"
"gamma-delta T","gamma-delta T","COL4A2","SDC4",0.00624719835516617,0,"COL4A2_SDC4","COL4A2 - SDC4","COLLAGEN","ECM-Receptor","KEGG: hsa04512"
"IL10hi Macrophage","gamma-delta T","COL4A2","SDC4",0.00381777585654351,0,"COL4A2_SDC4","COL4A2 - SDC4","COLLAGEN","ECM-Receptor","KEGG: hsa04512"
"16","16","COL6A1","SDC4",0.0170336029868167,0,"COL6A1_SDC4","COL6A1 - SDC4","COLLAGEN","ECM-Receptor","KEGG: hsa04512"
"16","gamma-delta T","COL6A1","SDC4",0.037451167479555,0,"COL6A1_SDC4","COL6A1 - SDC4","COLLAGEN","ECM-Receptor","KEGG: hsa04512"
"gamma-delta T","gamma-delta T","COL6A1","SDC4",0.00665085925301898,0,"COL6A1_SDC4","COL6A1 - SDC4","COLLAGEN","ECM-Receptor","KEGG: hsa04512"
"IL10hi Macrophage","gamma-delta T","COL6A1","SDC4",0.00652053742721007,0,"COL6A1_SDC4","COL6A1 - SDC4","COLLAGEN","ECM-Receptor","KEGG: hsa04512"
"16","16","COL6A2","SDC4",0.0119210917906556,0,"COL6A2_SDC4","COL6A2 - SDC4","COLLAGEN","ECM-Receptor","KEGG: hsa04512"
"gamma-delta T","16","COL6A2","SDC4",0.00365822322992024,0.03,"COL6A2_SDC4","COL6A2 - SDC4","COLLAGEN","ECM-Receptor","KEGG: hsa04512"
"IL10hi Macrophage","16","COL6A2","SDC4",0.00233784043194194,0.03,"COL6A2_SDC4","COL6A2 - SDC4","COLLAGEN","ECM-Receptor","KEGG: hsa04512"
"16","gamma-delta T","COL6A2","SDC4",0.0263749049060714,0,"COL6A2_SDC4","COL6A2 - SDC4","COLLAGEN","ECM-Receptor","KEGG: hsa04512"
"gamma-delta T","gamma-delta T","COL6A2","SDC4",0.0081765663938811,0,"COL6A2_SDC4","COL6A2 - SDC4","COLLAGEN","ECM-Receptor","KEGG: hsa04512"
"IL10hi Macrophage","gamma-delta T","COL6A2","SDC4",0.00523391991708318,0,"COL6A2_SDC4","COL6A2 - SDC4","COLLAGEN","ECM-Receptor","KEGG: hsa04512"
"16","16","COL6A3","SDC4",0.0106749926533334,0,"COL6A3_SDC4","COL6A3 - SDC4","COLLAGEN","ECM-Receptor","KEGG: hsa04512"
"16","gamma-delta T","COL6A3","SDC4",0.023654132770627,0,"COL6A3_SDC4","COL6A3 - SDC4","COLLAGEN","ECM-Receptor","KEGG: hsa04512"
"16","16","FN1","SDC4",0.015663399427436,0,"FN1_SDC4","FN1 - SDC4","FN1","ECM-Receptor","KEGG: hsa04512"
"16","gamma-delta T","FN1","SDC4",0.034496189221127,0,"FN1_SDC4","FN1 - SDC4","FN1","ECM-Receptor","KEGG: hsa04512"
"gamma-delta T","gamma-delta T","FN1","SDC4",0.0034699324932303,0.02,"FN1_SDC4","FN1 - SDC4","FN1","ECM-Receptor","KEGG: hsa04512"
"IL10hi Macrophage","gamma-delta T","FN1","SDC4",0.00216500218188362,0,"FN1_SDC4","FN1 - SDC4","FN1","ECM-Receptor","KEGG: hsa04512"
"NK","gamma-delta T","FN1","SDC4",0.00195615865311951,0.04,"FN1_SDC4","FN1 - SDC4","FN1","ECM-Receptor","KEGG: hsa04512"
"16","16","TNC","SDC4",0.00508551541617324,0,"TNC_SDC4","TNC - SDC4","TENASCIN","ECM-Receptor","KEGG: hsa04512"
"16","gamma-delta T","TNC","SDC4",0.0113466589134032,0,"TNC_SDC4","TNC - SDC4","TENASCIN","ECM-Receptor","KEGG: hsa04512"
"16","16","THBS1","SDC4",0.0120123417016725,0,"THBS1_SDC4","THBS1 - SDC4","THBS","ECM-Receptor","KEGG: hsa04512"
"gamma-delta T","16","THBS1","SDC4",0.0046623455180295,0.01,"THBS1_SDC4","THBS1 - SDC4","THBS","ECM-Receptor","KEGG: hsa04512"
"16","gamma-delta T","THBS1","SDC4",0.0265738159170308,0,"THBS1_SDC4","THBS1 - SDC4","THBS","ECM-Receptor","KEGG: hsa04512"
"gamma-delta T","gamma-delta T","THBS1","SDC4",0.0104079443454594,0,"THBS1_SDC4","THBS1 - SDC4","THBS","ECM-Receptor","KEGG: hsa04512"
"IL10hi Macrophage","gamma-delta T","THBS1","SDC4",0.00314205170934307,0,"THBS1_SDC4","THBS1 - SDC4","THBS","ECM-Receptor","KEGG: hsa04512"
"16","16","THBS2","SDC4",0.00711782571073551,0,"THBS2_SDC4","THBS2 - SDC4","THBS","ECM-Receptor","KEGG: hsa04512"
"16","gamma-delta T","THBS2","SDC4",0.0158412530912251,0,"THBS2_SDC4","THBS2 - SDC4","THBS","ECM-Receptor","KEGG: hsa04512"
"16","16","THBS3","SDC4",0.000918709742649443,0,"THBS3_SDC4","THBS3 - SDC4","THBS","ECM-Receptor","KEGG: hsa04512"
"16","gamma-delta T","THBS3","SDC4",0.00206042344192867,0,"THBS3_SDC4","THBS3 - SDC4","THBS","ECM-Receptor","KEGG: hsa04512"
"16","16","THBS4","SDC4",0.00112752509126547,0,"THBS4_SDC4","THBS4 - SDC4","THBS","ECM-Receptor","KEGG: hsa04512"
"16","gamma-delta T","THBS4","SDC4",0.00252808450095259,0,"THBS4_SDC4","THBS4 - SDC4","THBS","ECM-Receptor","KEGG: hsa04512"
"16","gamma-delta T","THBS1","CD36",0.0324736526155948,0,"THBS1_CD36","THBS1 - CD36","THBS","ECM-Receptor","KEGG: hsa04512"
"gamma-delta T","gamma-delta T","THBS1","CD36",0.0127657523753106,0,"THBS1_CD36","THBS1 - CD36","THBS","ECM-Receptor","KEGG: hsa04512"
"IL10hi Macrophage","gamma-delta T","THBS1","CD36",0.00386027065641662,0,"THBS1_CD36","THBS1 - CD36","THBS","ECM-Receptor","KEGG: hsa04512"
"16","gamma-delta T","THBS2","CD36",0.0194057819006034,0,"THBS2_CD36","THBS2 - CD36","THBS","ECM-Receptor","KEGG: hsa04512"
"16","gamma-delta T","THBS3","CD36",0.00253202877760122,0,"THBS3_CD36","THBS3 - CD36","THBS","ECM-Receptor","KEGG: hsa04512"
"16","gamma-delta T","THBS4","CD36",0.00310639844370621,0,"THBS4_CD36","THBS4 - CD36","THBS","ECM-Receptor","KEGG: hsa04512"
"16","16","AGRN","DAG1",0.000804745210634606,0,"AGRN_DAG1","AGRN - DAG1","AGRN","ECM-Receptor","KEGG: hsa04512"
"16","16","HSPG2","DAG1",0.00354903990808116,0,"HSPG2_DAG1","HSPG2 - DAG1","HSPG","ECM-Receptor","KEGG: hsa04512"
"16","16","LAMA2","DAG1",0.0067121443802766,0,"LAMA2_DAG1","LAMA2 - DAG1","LAMININ","ECM-Receptor","KEGG: hsa04512"
"16","16","LAMA4","DAG1",0.00693378577414356,0,"LAMA4_DAG1","LAMA4 - DAG1","LAMININ","ECM-Receptor","KEGG: hsa04512"
"16","16","LAMA5","DAG1",0.0010658493044634,0,"LAMA5_DAG1","LAMA5 - DAG1","LAMININ","ECM-Receptor","KEGG: hsa04512"
"16","16","LAMB1","DAG1",0.0116901614957668,0,"LAMB1_DAG1","LAMB1 - DAG1","LAMININ","ECM-Receptor","KEGG: hsa04512"
"16","16","LAMB2","DAG1",0.00915820637098552,0,"LAMB2_DAG1","LAMB2 - DAG1","LAMININ","ECM-Receptor","KEGG: hsa04512"
"gamma-delta T","16","LAMB3","DAG1",0.00216296949198152,0,"LAMB3_DAG1","LAMB3 - DAG1","LAMININ","ECM-Receptor","KEGG: hsa04512"
"16","16","LAMC1","DAG1",0.022832185411434,0,"LAMC1_DAG1","LAMC1 - DAG1","LAMININ","ECM-Receptor","KEGG: hsa04512"
"gamma-delta T","16","LAMC1","DAG1",0.000993731945897171,0.01,"LAMC1_DAG1","LAMC1 - DAG1","LAMININ","ECM-Receptor","KEGG: hsa04512"
"NK","16","LAMC1","DAG1",0.0011946961180938,0.01,"LAMC1_DAG1","LAMC1 - DAG1","LAMININ","ECM-Receptor","KEGG: hsa04512"
"DUSP4hi CD4+ T","gamma-delta T","ADGRE5","CD55",0.0648678618222701,0,"ADGRE5_CD55","ADGRE5 - CD55","ADGRE5","Cell-Cell Contact","PMID: 11297558"
"IL10hi Macrophage","gamma-delta T","ADGRE5","CD55",0.0638902598654378,0,"ADGRE5_CD55","ADGRE5 - CD55","ADGRE5","Cell-Cell Contact","PMID: 11297558"
"IL10hi Macrophage","IL10hi Macrophage","ADGRE5","CD55",0.0353527721690831,0.02,"ADGRE5_CD55","ADGRE5 - CD55","ADGRE5","Cell-Cell Contact","PMID: 11297558"
"DUSP4hi CD4+ T","NK","ADGRE5","CD55",0.0613349221000204,0.02,"ADGRE5_CD55","ADGRE5 - CD55","ADGRE5","Cell-Cell Contact","PMID: 11297558"
"IL10hi Macrophage","NK","ADGRE5","CD55",0.0604071244924394,0,"ADGRE5_CD55","ADGRE5 - CD55","ADGRE5","Cell-Cell Contact","PMID: 11297558"
"gamma-delta T","DUSP4hi CD4+ T","ALCAM","CD6",0.00503175952101526,0,"ALCAM_CD6","ALCAM - CD6","ALCAM","Cell-Cell Contact","KEGG: hsa04514"
"16","IL10hi Macrophage","ALCAM","CD6",0.00297396240365436,0.04,"ALCAM_CD6","ALCAM - CD6","ALCAM","Cell-Cell Contact","KEGG: hsa04514"
"gamma-delta T","IL10hi Macrophage","ALCAM","CD6",0.00525804179642216,0,"ALCAM_CD6","ALCAM - CD6","ALCAM","Cell-Cell Contact","KEGG: hsa04514"
"16","NK","ALCAM","CD6",0.00368061694328517,0.01,"ALCAM_CD6","ALCAM - CD6","ALCAM","Cell-Cell Contact","KEGG: hsa04514"
"gamma-delta T","NK","ALCAM","CD6",0.00650388476995269,0,"ALCAM_CD6","ALCAM - CD6","ALCAM","Cell-Cell Contact","KEGG: hsa04514"
"gamma-delta T","Treg","ALCAM","CD6",0.0045336780273501,0.01,"ALCAM_CD6","ALCAM - CD6","ALCAM","Cell-Cell Contact","KEGG: hsa04514"
"16","gamma-delta T","ANXA1","FPR2_LXA4",0.00906396655862244,0,"ANXA1_FPR2_LXA4","ANXA1 - (FPR2+LXA4)","ANXA1","Cell-Cell Contact","PMID: 22610094"
"DUSP4hi CD4+ T","gamma-delta T","ANXA1","FPR2_LXA4",0.0167079000701934,0,"ANXA1_FPR2_LXA4","ANXA1 - (FPR2+LXA4)","ANXA1","Cell-Cell Contact","PMID: 22610094"
"gamma-delta T","gamma-delta T","ANXA1","FPR2_LXA4",0.0126813017817643,0,"ANXA1_FPR2_LXA4","ANXA1 - (FPR2+LXA4)","ANXA1","Cell-Cell Contact","PMID: 22610094"
"IL10hi Macrophage","gamma-delta T","ANXA1","FPR2_LXA4",0.0197581448758982,0,"ANXA1_FPR2_LXA4","ANXA1 - (FPR2+LXA4)","ANXA1","Cell-Cell Contact","PMID: 22610094"
"NK","gamma-delta T","ANXA1","FPR2_LXA4",0.0155279937355088,0,"ANXA1_FPR2_LXA4","ANXA1 - (FPR2+LXA4)","ANXA1","Cell-Cell Contact","PMID: 22610094"
"Treg","gamma-delta T","ANXA1","FPR2_LXA4",0.00941125124710353,0,"ANXA1_FPR2_LXA4","ANXA1 - (FPR2+LXA4)","ANXA1","Cell-Cell Contact","PMID: 22610094"
"16","DUSP4hi CD4+ T","APP","CD74",0.0432724432998824,0.01,"APP_CD74","APP - CD74","APP","Cell-Cell Contact","PMID: 19849849"
"16","gamma-delta T","APP","CD74",0.100843411692082,0,"APP_CD74","APP - CD74","APP","Cell-Cell Contact","PMID: 19849849"
"gamma-delta T","gamma-delta T","APP","CD74",0.033267743604619,0.02,"APP_CD74","APP - CD74","APP","Cell-Cell Contact","PMID: 19849849"
"16","IL10hi Macrophage","APP","CD74",0.0564588739860526,0,"APP_CD74","APP - CD74","APP","Cell-Cell Contact","PMID: 19849849"
"16","NK","APP","CD74",0.0318901718029536,0.01,"APP_CD74","APP - CD74","APP","Cell-Cell Contact","PMID: 19849849"
"16","Treg","APP","CD74",0.0301959421613025,0.03,"APP_CD74","APP - CD74","APP","Cell-Cell Contact","PMID: 19849849"
"NK","16","CD226","NECTIN2",0.000724262834316958,0,"CD226_NECTIN2","CD226 - NECTIN2","CD226","Cell-Cell Contact","PMID: 24440149"
"16","gamma-delta T","PTPRC","MRC1",0.0142445250835265,0.02,"PTPRC_MRC1","PTPRC - MRC1","CD45","Cell-Cell Contact","PMID: 27601670; PMID: 10575006"
"DUSP4hi CD4+ T","gamma-delta T","PTPRC","MRC1",0.0365445888010235,0,"PTPRC_MRC1","PTPRC - MRC1","CD45","Cell-Cell Contact","PMID: 27601670; PMID: 10575006"
"gamma-delta T","gamma-delta T","PTPRC","MRC1",0.0226362162502087,0,"PTPRC_MRC1","PTPRC - MRC1","CD45","Cell-Cell Contact","PMID: 27601670; PMID: 10575006"
"IL10hi Macrophage","gamma-delta T","PTPRC","MRC1",0.0373507165086748,0,"PTPRC_MRC1","PTPRC - MRC1","CD45","Cell-Cell Contact","PMID: 27601670; PMID: 10575006"
"NK","gamma-delta T","PTPRC","MRC1",0.0314490416415163,0,"PTPRC_MRC1","PTPRC - MRC1","CD45","Cell-Cell Contact","PMID: 27601670; PMID: 10575006"
"Treg","gamma-delta T","PTPRC","MRC1",0.035822008537537,0,"PTPRC_MRC1","PTPRC - MRC1","CD45","Cell-Cell Contact","PMID: 27601670; PMID: 10575006"
"16","16","CD46","JAG1",0.0118163563973166,0,"CD46_JAG1","CD46 - JAG1","CD46","Cell-Cell Contact","PMID: 23086448"
"gamma-delta T","16","CD46","JAG1",0.00322480015877434,0,"CD46_JAG1","CD46 - JAG1","CD46","Cell-Cell Contact","PMID: 23086448"
"IL10hi Macrophage","16","CD46","JAG1",0.00503489886986896,0,"CD46_JAG1","CD46 - JAG1","CD46","Cell-Cell Contact","PMID: 23086448"
"NK","16","CD46","JAG1",0.00655470134797505,0,"CD46_JAG1","CD46 - JAG1","CD46","Cell-Cell Contact","PMID: 23086448"
"IL10hi Macrophage","16","CD6","ALCAM",0.00297396240365436,0.04,"CD6_ALCAM","CD6 - ALCAM","CD6","Cell-Cell Contact","PMID: 23602662"
"NK","16","CD6","ALCAM",0.00368061694328517,0.01,"CD6_ALCAM","CD6 - ALCAM","CD6","Cell-Cell Contact","PMID: 23602662"
"DUSP4hi CD4+ T","gamma-delta T","CD6","ALCAM",0.00503175952101526,0,"CD6_ALCAM","CD6 - ALCAM","CD6","Cell-Cell Contact","PMID: 23602662"
"IL10hi Macrophage","gamma-delta T","CD6","ALCAM",0.00525804179642216,0,"CD6_ALCAM","CD6 - ALCAM","CD6","Cell-Cell Contact","PMID: 23602662"
"NK","gamma-delta T","CD6","ALCAM",0.00650388476995269,0,"CD6_ALCAM","CD6 - ALCAM","CD6","Cell-Cell Contact","PMID: 23602662"
"Treg","gamma-delta T","CD6","ALCAM",0.0045336780273501,0.01,"CD6_ALCAM","CD6 - ALCAM","CD6","Cell-Cell Contact","PMID: 23602662"
"gamma-delta T","DUSP4hi CD4+ T","CD86","CD28",0.00809792785441999,0,"CD86_CD28","CD86 - CD28","CD86","Cell-Cell Contact","PMID: 23954143"
"gamma-delta T","IL10hi Macrophage","CD86","CD28",0.00555539921887617,0,"CD86_CD28","CD86 - CD28","CD86","Cell-Cell Contact","PMID: 23954143"
"gamma-delta T","NK","CD86","CD28",0.0118898056573691,0,"CD86_CD28","CD86 - CD28","CD86","Cell-Cell Contact","PMID: 23954143"
"gamma-delta T","Treg","CD86","CD28",0.00330994523891334,0,"CD86_CD28","CD86 - CD28","CD86","Cell-Cell Contact","PMID: 23954143"
"gamma-delta T","NK","CD86","CTLA4",0.00510839079353088,0,"CD86_CTLA4","CD86 - CTLA4","CD86","Cell-Cell Contact","PMID: 23954143"
"DUSP4hi CD4+ T","16","CD96","NECTIN1",0.00184306759697754,0.01,"CD96_NECTIN1","CD96 - NECTIN1","CD96","Cell-Cell Contact","PMID: 17971293"
"IL10hi Macrophage","16","CD96","NECTIN1",0.00545690836142603,0,"CD96_NECTIN1","CD96 - NECTIN1","CD96","Cell-Cell Contact","PMID: 17971293"
"NK","16","CD96","NECTIN1",0.00536205740897795,0,"CD96_NECTIN1","CD96 - NECTIN1","CD96","Cell-Cell Contact","PMID: 17971293"
"Treg","16","CD96","NECTIN1",0.00274697596730407,0,"CD96_NECTIN1","CD96 - NECTIN1","CD96","Cell-Cell Contact","PMID: 17971293"
"16","gamma-delta T","CD99","PILRA",0.0256228230135431,0,"CD99_PILRA","CD99 - PILRA","CD99","Cell-Cell Contact","PMID: 18234675"
"DUSP4hi CD4+ T","gamma-delta T","CD99","PILRA",0.0231145655892529,0,"CD99_PILRA","CD99 - PILRA","CD99","Cell-Cell Contact","PMID: 18234675"
"gamma-delta T","gamma-delta T","CD99","PILRA",0.0223590813044571,0,"CD99_PILRA","CD99 - PILRA","CD99","Cell-Cell Contact","PMID: 18234675"
"IL10hi Macrophage","gamma-delta T","CD99","PILRA",0.0380591970964901,0,"CD99_PILRA","CD99 - PILRA","CD99","Cell-Cell Contact","PMID: 18234675"
"NK","gamma-delta T","CD99","PILRA",0.0293823245218583,0,"CD99_PILRA","CD99 - PILRA","CD99","Cell-Cell Contact","PMID: 18234675"
"IL10hi Macrophage","IL10hi Macrophage","CD99","CD99",0.0952922342821284,0,"CD99_CD99","CD99 - CD99","CD99","Cell-Cell Contact","KEGG: hsa04514"
"16","16","CD99","CD99L2",0.00475106714027305,0,"CD99_CD99L2","CD99 - CD99L2","CD99","Cell-Cell Contact","KEGG: hsa04514"
"DUSP4hi CD4+ T","16","CD99","CD99L2",0.00427700944805839,0.01,"CD99_CD99L2","CD99 - CD99L2","CD99","Cell-Cell Contact","KEGG: hsa04514"
"gamma-delta T","16","CD99","CD99L2",0.00413461233766517,0,"CD99_CD99L2","CD99 - CD99L2","CD99","Cell-Cell Contact","KEGG: hsa04514"
"IL10hi Macrophage","16","CD99","CD99L2",0.00713120155670556,0,"CD99_CD99L2","CD99 - CD99L2","CD99","Cell-Cell Contact","KEGG: hsa04514"
"NK","16","CD99","CD99L2",0.00546534334150032,0,"CD99_CD99L2","CD99 - CD99L2","CD99","Cell-Cell Contact","KEGG: hsa04514"
"NK","DUSP4hi CD4+ T","CLEC2D","KLRB1",0.0236928713254094,0.03,"CLEC2D_KLRB1","CLEC2D - KLRB1","CLEC","Cell-Cell Contact","PMID: 24223577"
"NK","IL10hi Macrophage","CLEC2D","KLRB1",0.0235383202666755,0,"CLEC2D_KLRB1","CLEC2D - KLRB1","CLEC","Cell-Cell Contact","PMID: 24223577"
"DUSP4hi CD4+ T","NK","CLEC2D","KLRB1",0.0407933366206824,0,"CLEC2D_KLRB1","CLEC2D - KLRB1","CLEC","Cell-Cell Contact","PMID: 24223577"
"IL10hi Macrophage","NK","CLEC2D","KLRB1",0.0281603173263321,0,"CLEC2D_KLRB1","CLEC2D - KLRB1","CLEC","Cell-Cell Contact","PMID: 24223577"
"NK","NK","CLEC2D","KLRB1",0.0560401253962449,0,"CLEC2D_KLRB1","CLEC2D - KLRB1","CLEC","Cell-Cell Contact","PMID: 24223577"
"Treg","NK","CLEC2D","KLRB1",0.0344389768408011,0,"CLEC2D_KLRB1","CLEC2D - KLRB1","CLEC","Cell-Cell Contact","PMID: 24223577"
"DUSP4hi CD4+ T","Treg","CLEC2D","KLRB1",0.0308177544958491,0.04,"CLEC2D_KLRB1","CLEC2D - KLRB1","CLEC","Cell-Cell Contact","PMID: 24223577"
"NK","Treg","CLEC2D","KLRB1",0.0425013039990233,0,"CLEC2D_KLRB1","CLEC2D - KLRB1","CLEC","Cell-Cell Contact","PMID: 24223577"
"IL10hi Macrophage","IL10hi Macrophage","CD69","KLRB1",0.0138364743697202,0,"CLEC2C_KLRB1","CLEC2C - KLRB1","CLEC","Cell-Cell Contact","PMID: 24223577"
"DUSP4hi CD4+ T","NK","CD69","KLRB1",0.03003671410373,0.01,"CLEC2C_KLRB1","CLEC2C - KLRB1","CLEC","Cell-Cell Contact","PMID: 24223577"
"IL10hi Macrophage","NK","CD69","KLRB1",0.0334001585382529,0,"CLEC2C_KLRB1","CLEC2C - KLRB1","CLEC","Cell-Cell Contact","PMID: 24223577"
"Treg","NK","CD69","KLRB1",0.0235637829353606,0.03,"CLEC2C_KLRB1","CLEC2C - KLRB1","CLEC","Cell-Cell Contact","PMID: 24223577"
"DUSP4hi CD4+ T","Treg","CD69","KLRB1",0.0226294945187542,0.03,"CLEC2C_KLRB1","CLEC2C - KLRB1","CLEC","Cell-Cell Contact","PMID: 24223577"
"IL10hi Macrophage","Treg","CD69","KLRB1",0.0251850314370074,0,"CLEC2C_KLRB1","CLEC2C - KLRB1","CLEC","Cell-Cell Contact","PMID: 24223577"
"16","16","CSPG4","ITGA3_ITGB1",0.00541386581630561,0,"CSPG4_ITGA2_ITGB1","CSPG4 - (ITGA2+ITGB1)","CSPG4","Cell-Cell Contact","PMID: 30213051"
"16","16","EFNA1","EPHA2",0.000620850772465006,0,"EFNA1_EPHA2","EFNA1 - EPHA2","EPHA","Cell-Cell Contact","PMID: 15114347"
"16","16","EFNA1","EPHA3",0.00156025030373859,0,"EFNA1_EPHA3","EFNA1 - EPHA3","EPHA","Cell-Cell Contact","PMID: 15114347"
"16","16","ESAM","ESAM",0.0100961986178918,0,"ESAM_ESAM","ESAM - ESAM","ESAM","Cell-Cell Contact","KEGG: hsa04514; PMID: 11279107"
"NK","16","ESAM","ESAM",0.00085797319410851,0,"ESAM_ESAM","ESAM - ESAM","ESAM","Cell-Cell Contact","KEGG: hsa04514; PMID: 11279107"
"16","NK","ESAM","ESAM",0.00085797319410851,0,"ESAM_ESAM","ESAM - ESAM","ESAM","Cell-Cell Contact","KEGG: hsa04514; PMID: 11279107"
"16","gamma-delta T","ICAM1","ITGAX_ITGB2",0.0312264560214488,0,"ICAM1_ITGAX_ITGB2","ICAM1 - (ITGAX+ITGB2)","ICAM","Cell-Cell Contact","PMID: 16252253"
"gamma-delta T","gamma-delta T","ICAM1","ITGAX_ITGB2",0.0827857412609958,0,"ICAM1_ITGAX_ITGB2","ICAM1 - (ITGAX+ITGB2)","ICAM","Cell-Cell Contact","PMID: 16252253"
"gamma-delta T","DUSP4hi CD4+ T","ICAM1","ITGAL_ITGB2",0.0269695833566139,0.02,"ICAM1_ITGAL_ITGB2","ICAM1 - (ITGAL+ITGB2)","ICAM","Cell-Cell Contact","KEGG: hsa04514"
"gamma-delta T","gamma-delta T","ICAM1","ITGAL_ITGB2",0.0260372164722055,0,"ICAM1_ITGAL_ITGB2","ICAM1 - (ITGAL+ITGB2)","ICAM","Cell-Cell Contact","KEGG: hsa04514"
"16","IL10hi Macrophage","ICAM1","ITGAL_ITGB2",0.016999992643602,0.02,"ICAM1_ITGAL_ITGB2","ICAM1 - (ITGAL+ITGB2)","ICAM","Cell-Cell Contact","KEGG: hsa04514"
"gamma-delta T","IL10hi Macrophage","ICAM1","ITGAL_ITGB2",0.0461893343605747,0,"ICAM1_ITGAL_ITGB2","ICAM1 - (ITGAL+ITGB2)","ICAM","Cell-Cell Contact","KEGG: hsa04514"
"gamma-delta T","NK","ICAM1","ITGAL_ITGB2",0.0352911252209499,0,"ICAM1_ITGAL_ITGB2","ICAM1 - (ITGAL+ITGB2)","ICAM","Cell-Cell Contact","KEGG: hsa04514"
"gamma-delta T","Treg","ICAM1","ITGAL_ITGB2",0.028487392429334,0.01,"ICAM1_ITGAL_ITGB2","ICAM1 - (ITGAL+ITGB2)","ICAM","Cell-Cell Contact","KEGG: hsa04514"
"16","gamma-delta T","ICAM1","ITGAM_ITGB2",0.0203648500906013,0,"ICAM1_ITGAM_ITGB2","ICAM1 - (ITGAM+ITGB2)","ICAM","Cell-Cell Contact","KEGG: hsa04514"
"gamma-delta T","gamma-delta T","ICAM1","ITGAM_ITGB2",0.0550084131522689,0,"ICAM1_ITGAM_ITGB2","ICAM1 - (ITGAM+ITGB2)","ICAM","Cell-Cell Contact","KEGG: hsa04514"
"gamma-delta T","gamma-delta T","ICAM2","ITGAM_ITGB2",0.00187045657693009,0.04,"ICAM2_ITGAM_ITGB2","ICAM2 - (ITGAM+ITGB2)","ICAM","Cell-Cell Contact","KEGG: hsa04514"
"IL10hi Macrophage","gamma-delta T","ICAM2","ITGAM_ITGB2",0.000633929389825165,0.02,"ICAM2_ITGAM_ITGB2","ICAM2 - (ITGAM+ITGB2)","ICAM","Cell-Cell Contact","KEGG: hsa04514"
"NK","gamma-delta T","ICAM2","ITGAM_ITGB2",0.00328199754217746,0,"ICAM2_ITGAM_ITGB2","ICAM2 - (ITGAM+ITGB2)","ICAM","Cell-Cell Contact","KEGG: hsa04514"
"16","DUSP4hi CD4+ T","ICAM1","ITGAL",0.0181493844711142,0.01,"ICAM1_ITGAL","ICAM1 - ITGAL","ICAM","Cell-Cell Contact","PMID: 23602662"
"gamma-delta T","DUSP4hi CD4+ T","ICAM1","ITGAL",0.0492134520381884,0,"ICAM1_ITGAL","ICAM1 - ITGAL","ICAM","Cell-Cell Contact","PMID: 23602662"
"16","IL10hi Macrophage","ICAM1","ITGAL",0.0135377240923841,0.03,"ICAM1_ITGAL","ICAM1 - ITGAL","ICAM","Cell-Cell Contact","PMID: 23602662"
"gamma-delta T","IL10hi Macrophage","ICAM1","ITGAL",0.0370060763521587,0,"ICAM1_ITGAL","ICAM1 - ITGAL","ICAM","Cell-Cell Contact","PMID: 23602662"
"16","NK","ICAM1","ITGAL",0.0137907899123945,0.02,"ICAM1_ITGAL","ICAM1 - ITGAL","ICAM","Cell-Cell Contact","PMID: 23602662"
"gamma-delta T","NK","ICAM1","ITGAL",0.0376810873375185,0,"ICAM1_ITGAL","ICAM1 - ITGAL","ICAM","Cell-Cell Contact","PMID: 23602662"
"gamma-delta T","Treg","ICAM1","ITGAL",0.0406571135538456,0,"ICAM1_ITGAL","ICAM1 - ITGAL","ICAM","Cell-Cell Contact","PMID: 23602662"
"gamma-delta T","DUSP4hi CD4+ T","ICAM1","SPN",0.0157740256449795,0.02,"ICAM1_SPN","ICAM1 - SPN","ICAM","Cell-Cell Contact","PMID: 1683685"
"gamma-delta T","IL10hi Macrophage","ICAM1","SPN",0.0126533633973533,0,"ICAM1_SPN","ICAM1 - SPN","ICAM","Cell-Cell Contact","PMID: 1683685"
"16","NK","ICAM1","SPN",0.00897417742477075,0.04,"ICAM1_SPN","ICAM1 - SPN","ICAM","Cell-Cell Contact","PMID: 1683685"
"gamma-delta T","NK","ICAM1","SPN",0.0247297082445838,0,"ICAM1_SPN","ICAM1 - SPN","ICAM","Cell-Cell Contact","PMID: 1683685"
"gamma-delta T","NK","ITGB2","CD226",0.00420272894244951,0.01,"ITGB2_CD226","ITGB2 - CD226","ITGB2","Cell-Cell Contact","KEGG: hsa04514"
"gamma-delta T","16","ITGB2","ICAM1",0.0405707729373554,0.01,"ITGB2_ICAM1","ITGB2 - ICAM1","ITGB2","Cell-Cell Contact","KEGG: hsa04514"
"IL10hi Macrophage","16","ITGB2","ICAM1",0.0213285901608895,0.02,"ITGB2_ICAM1","ITGB2 - ICAM1","ITGB2","Cell-Cell Contact","KEGG: hsa04514"
"gamma-delta T","gamma-delta T","ITGB2","ICAM1",0.105872704537136,0,"ITGB2_ICAM1","ITGB2 - ICAM1","ITGB2","Cell-Cell Contact","KEGG: hsa04514"
"IL10hi Macrophage","gamma-delta T","ITGB2","ICAM1",0.0575153603993304,0,"ITGB2_ICAM1","ITGB2 - ICAM1","ITGB2","Cell-Cell Contact","KEGG: hsa04514"
"NK","gamma-delta T","ITGB2","ICAM1",0.0330475432393356,0,"ITGB2_ICAM1","ITGB2 - ICAM1","ITGB2","Cell-Cell Contact","KEGG: hsa04514"
"gamma-delta T","NK","ITGB2","ICAM2",0.00665350050600809,0.01,"ITGB2_ICAM2","ITGB2 - ICAM2","ITGB2","Cell-Cell Contact","KEGG: hsa04514"
"16","16","JAM2","ITGA3_ITGB1",0.000952251921197347,0,"JAM2_ITGA3_ITGB1","JAM2 - (ITGA3+ITGB1)","JAM","Cell-Cell Contact","PMID: 12070135"
"16","16","JAM2","ITGAV_ITGB1",0.00139509435256954,0,"JAM2_ITGAV_ITGB1","JAM2 - (ITGAV+ITGB1)","JAM","Cell-Cell Contact","KEGG: hsa04514"
"16","gamma-delta T","JAM2","ITGAV_ITGB1",0.000300904776881219,0.02,"JAM2_ITGAV_ITGB1","JAM2 - (ITGAV+ITGB1)","JAM","Cell-Cell Contact","KEGG: hsa04514"
"16","NK","JAM2","ITGAV_ITGB1",0.00020989856572693,0.03,"JAM2_ITGAV_ITGB1","JAM2 - (ITGAV+ITGB1)","JAM","Cell-Cell Contact","KEGG: hsa04514"
"16","gamma-delta T","JAM3","ITGAM_ITGB2",0.030916208784595,0,"JAM3_ITGAM_ITGB2","JAM3 - (ITGAM+ITGB2)","JAM","Cell-Cell Contact","KEGG: hsa04514; PMID: 16118203, PMC2194005"
"16","16","JAM2","JAM3",0.00115998402119495,0,"JAM2_JAM3","JAM2 - JAM3","JAM","Cell-Cell Contact","PMC1237098;  PMID: 11590146"
"16","16","JAM2","JAM2",5.33536848834897e-05,0.04,"JAM2_JAM2","JAM2 - JAM2","JAM","Cell-Cell Contact","KEGG: hsa04514"
"16","16","JAM3","JAM2",0.00115998402119495,0,"JAM3_JAM2","JAM3 - JAM2","JAM","Cell-Cell Contact","KEGG: hsa04514"
"16","16","JAM3","JAM3",0.0246537714490419,0,"JAM3_JAM3","JAM3 - JAM3","JAM","Cell-Cell Contact","KEGG: hsa04514"
"DUSP4hi CD4+ T","IL10hi Macrophage","LCK","CD8 receptor",0.0122395241391957,0,"LCK_CD8A_CD8B1","LCK - (CD8A+CD8B1)","LCK","Cell-Cell Contact","PMID: 25427562"
"IL10hi Macrophage","IL10hi Macrophage","LCK","CD8 receptor",0.0138698028344753,0,"LCK_CD8A_CD8B1","LCK - (CD8A+CD8B1)","LCK","Cell-Cell Contact","PMID: 25427562"
"NK","IL10hi Macrophage","LCK","CD8 receptor",0.0196089832259325,0,"LCK_CD8A_CD8B1","LCK - (CD8A+CD8B1)","LCK","Cell-Cell Contact","PMID: 25427562"
"Treg","IL10hi Macrophage","LCK","CD8 receptor",0.0237135513592314,0,"LCK_CD8A_CD8B1","LCK - (CD8A+CD8B1)","LCK","Cell-Cell Contact","PMID: 25427562"
"16","IL10hi Macrophage","HLA-A","CD8A",0.0955354947563582,0.04,"HLA-A_CD8A","HLA-A - CD8A","MHC-I","Cell-Cell Contact","KEGG: hsa04514"
"DUSP4hi CD4+ T","IL10hi Macrophage","HLA-A","CD8A",0.145037275224049,0,"HLA-A_CD8A","HLA-A - CD8A","MHC-I","Cell-Cell Contact","KEGG: hsa04514"
"gamma-delta T","IL10hi Macrophage","HLA-A","CD8A",0.127656525614116,0,"HLA-A_CD8A","HLA-A - CD8A","MHC-I","Cell-Cell Contact","KEGG: hsa04514"
"IL10hi Macrophage","IL10hi Macrophage","HLA-A","CD8A",0.145802093080067,0,"HLA-A_CD8A","HLA-A - CD8A","MHC-I","Cell-Cell Contact","KEGG: hsa04514"
"NK","IL10hi Macrophage","HLA-A","CD8A",0.13316244144587,0,"HLA-A_CD8A","HLA-A - CD8A","MHC-I","Cell-Cell Contact","KEGG: hsa04514"
"Treg","IL10hi Macrophage","HLA-A","CD8A",0.140435559333497,0,"HLA-A_CD8A","HLA-A - CD8A","MHC-I","Cell-Cell Contact","KEGG: hsa04514"
"DUSP4hi CD4+ T","IL10hi Macrophage","HLA-B","CD8A",0.166714749997141,0,"HLA-B_CD8A","HLA-B - CD8A","MHC-I","Cell-Cell Contact","KEGG: hsa04514"
"gamma-delta T","IL10hi Macrophage","HLA-B","CD8A",0.149608084377758,0,"HLA-B_CD8A","HLA-B - CD8A","MHC-I","Cell-Cell Contact","KEGG: hsa04514"
"IL10hi Macrophage","IL10hi Macrophage","HLA-B","CD8A",0.169526400583275,0,"HLA-B_CD8A","HLA-B - CD8A","MHC-I","Cell-Cell Contact","KEGG: hsa04514"
"NK","IL10hi Macrophage","HLA-B","CD8A",0.166216444384017,0,"HLA-B_CD8A","HLA-B - CD8A","MHC-I","Cell-Cell Contact","KEGG: hsa04514"
"Treg","IL10hi Macrophage","HLA-B","CD8A",0.163350920394645,0,"HLA-B_CD8A","HLA-B - CD8A","MHC-I","Cell-Cell Contact","KEGG: hsa04514"
"16","IL10hi Macrophage","HLA-C","CD8A",0.0841483720481515,0.01,"HLA-C_CD8A","HLA-C - CD8A","MHC-I","Cell-Cell Contact","KEGG: hsa04514"
"DUSP4hi CD4+ T","IL10hi Macrophage","HLA-C","CD8A",0.104103571425278,0,"HLA-C_CD8A","HLA-C - CD8A","MHC-I","Cell-Cell Contact","KEGG: hsa04514"
"gamma-delta T","IL10hi Macrophage","HLA-C","CD8A",0.102622527098248,0,"HLA-C_CD8A","HLA-C - CD8A","MHC-I","Cell-Cell Contact","KEGG: hsa04514"
"IL10hi Macrophage","IL10hi Macrophage","HLA-C","CD8A",0.128470941641519,0,"HLA-C_CD8A","HLA-C - CD8A","MHC-I","Cell-Cell Contact","KEGG: hsa04514"
"NK","IL10hi Macrophage","HLA-C","CD8A",0.115678317153977,0,"HLA-C_CD8A","HLA-C - CD8A","MHC-I","Cell-Cell Contact","KEGG: hsa04514"
"16","IL10hi Macrophage","HLA-E","CD8A",0.0788873967043187,0.03,"HLA-E_CD8A","HLA-E - CD8A","MHC-I","Cell-Cell Contact","KEGG: hsa04514"
"DUSP4hi CD4+ T","IL10hi Macrophage","HLA-E","CD8A",0.103502262936718,0,"HLA-E_CD8A","HLA-E - CD8A","MHC-I","Cell-Cell Contact","KEGG: hsa04514"
"gamma-delta T","IL10hi Macrophage","HLA-E","CD8A",0.0961653226338529,0,"HLA-E_CD8A","HLA-E - CD8A","MHC-I","Cell-Cell Contact","KEGG: hsa04514"
"IL10hi Macrophage","IL10hi Macrophage","HLA-E","CD8A",0.120201188604278,0,"HLA-E_CD8A","HLA-E - CD8A","MHC-I","Cell-Cell Contact","KEGG: hsa04514"
"NK","IL10hi Macrophage","HLA-E","CD8A",0.110721437435489,0,"HLA-E_CD8A","HLA-E - CD8A","MHC-I","Cell-Cell Contact","KEGG: hsa04514"
"Treg","IL10hi Macrophage","HLA-E","CD8A",0.0825190147864278,0.01,"HLA-E_CD8A","HLA-E - CD8A","MHC-I","Cell-Cell Contact","KEGG: hsa04514"
"DUSP4hi CD4+ T","IL10hi Macrophage","HLA-F","CD8A",0.0454694969661614,0,"HLA-F_CD8A","HLA-F - CD8A","MHC-I","Cell-Cell Contact","KEGG: hsa04514"
"IL10hi Macrophage","IL10hi Macrophage","HLA-F","CD8A",0.0520956082751927,0,"HLA-F_CD8A","HLA-F - CD8A","MHC-I","Cell-Cell Contact","KEGG: hsa04514"
"NK","IL10hi Macrophage","HLA-F","CD8A",0.0362778624420032,0.03,"HLA-F_CD8A","HLA-F - CD8A","MHC-I","Cell-Cell Contact","KEGG: hsa04514"
"Treg","IL10hi Macrophage","HLA-F","CD8A",0.0539508812851078,0,"HLA-F_CD8A","HLA-F - CD8A","MHC-I","Cell-Cell Contact","KEGG: hsa04514"
"16","IL10hi Macrophage","HLA-A","CD8B",0.0260036410747031,0.03,"HLA-A_CD8B","HLA-A - CD8B","MHC-I","Cell-Cell Contact","KEGG: hsa04514"
"DUSP4hi CD4+ T","IL10hi Macrophage","HLA-A","CD8B",0.0411152072128651,0,"HLA-A_CD8B","HLA-A - CD8B","MHC-I","Cell-Cell Contact","KEGG: hsa04514"
"gamma-delta T","IL10hi Macrophage","HLA-A","CD8B",0.0356685484272438,0,"HLA-A_CD8B","HLA-A - CD8B","MHC-I","Cell-Cell Contact","KEGG: hsa04514"
"IL10hi Macrophage","IL10hi Macrophage","HLA-A","CD8B",0.0413585276456965,0,"HLA-A_CD8B","HLA-A - CD8B","MHC-I","Cell-Cell Contact","KEGG: hsa04514"
"NK","IL10hi Macrophage","HLA-A","CD8B",0.0373769521883229,0,"HLA-A_CD8B","HLA-A - CD8B","MHC-I","Cell-Cell Contact","KEGG: hsa04514"
"Treg","IL10hi Macrophage","HLA-A","CD8B",0.0396577687064221,0,"HLA-A_CD8B","HLA-A - CD8B","MHC-I","Cell-Cell Contact","KEGG: hsa04514"
"16","IL10hi Macrophage","HLA-B","CD8B",0.0309332179258732,0.04,"HLA-B_CD8B","HLA-B - CD8B","MHC-I","Cell-Cell Contact","KEGG: hsa04514"
"DUSP4hi CD4+ T","IL10hi Macrophage","HLA-B","CD8B",0.0481348220868695,0,"HLA-B_CD8B","HLA-B - CD8B","MHC-I","Cell-Cell Contact","KEGG: hsa04514"
"gamma-delta T","IL10hi Macrophage","HLA-B","CD8B",0.0425740282618495,0,"HLA-B_CD8B","HLA-B - CD8B","MHC-I","Cell-Cell Contact","KEGG: hsa04514"
"IL10hi Macrophage","IL10hi Macrophage","HLA-B","CD8B",0.0490643704335314,0,"HLA-B_CD8B","HLA-B - CD8B","MHC-I","Cell-Cell Contact","KEGG: hsa04514"
"NK","IL10hi Macrophage","HLA-B","CD8B",0.0479705445491577,0,"HLA-B_CD8B","HLA-B - CD8B","MHC-I","Cell-Cell Contact","KEGG: hsa04514"
"Treg","IL10hi Macrophage","HLA-B","CD8B",0.0470285654766682,0,"HLA-B_CD8B","HLA-B - CD8B","MHC-I","Cell-Cell Contact","KEGG: hsa04514"
"16","IL10hi Macrophage","HLA-C","CD8B",0.0226962324256235,0.02,"HLA-C_CD8B","HLA-C - CD8B","MHC-I","Cell-Cell Contact","KEGG: hsa04514"
"DUSP4hi CD4+ T","IL10hi Macrophage","HLA-C","CD8B",0.0285324919740454,0,"HLA-C_CD8B","HLA-C - CD8B","MHC-I","Cell-Cell Contact","KEGG: hsa04514"
"gamma-delta T","IL10hi Macrophage","HLA-C","CD8B",0.0280928574978822,0,"HLA-C_CD8B","HLA-C - CD8B","MHC-I","Cell-Cell Contact","KEGG: hsa04514"
"IL10hi Macrophage","IL10hi Macrophage","HLA-C","CD8B",0.0359202696352979,0,"HLA-C_CD8B","HLA-C - CD8B","MHC-I","Cell-Cell Contact","KEGG: hsa04514"
"NK","IL10hi Macrophage","HLA-C","CD8B",0.0320050407632917,0,"HLA-C_CD8B","HLA-C - CD8B","MHC-I","Cell-Cell Contact","KEGG: hsa04514"
"Treg","IL10hi Macrophage","HLA-C","CD8B",0.0210072101730955,0.04,"HLA-C_CD8B","HLA-C - CD8B","MHC-I","Cell-Cell Contact","KEGG: hsa04514"
"16","IL10hi Macrophage","HLA-E","CD8B",0.0211883734935335,0.03,"HLA-E_CD8B","HLA-E - CD8B","MHC-I","Cell-Cell Contact","KEGG: hsa04514"
"DUSP4hi CD4+ T","IL10hi Macrophage","HLA-E","CD8B",0.0283538718706609,0,"HLA-E_CD8B","HLA-E - CD8B","MHC-I","Cell-Cell Contact","KEGG: hsa04514"
"gamma-delta T","IL10hi Macrophage","HLA-E","CD8B",0.026188345479835,0,"HLA-E_CD8B","HLA-E - CD8B","MHC-I","Cell-Cell Contact","KEGG: hsa04514"
"IL10hi Macrophage","IL10hi Macrophage","HLA-E","CD8B",0.0333798838208868,0,"HLA-E_CD8B","HLA-E - CD8B","MHC-I","Cell-Cell Contact","KEGG: hsa04514"
"NK","IL10hi Macrophage","HLA-E","CD8B",0.0305099059423144,0,"HLA-E_CD8B","HLA-E - CD8B","MHC-I","Cell-Cell Contact","KEGG: hsa04514"
"Treg","IL10hi Macrophage","HLA-E","CD8B",0.0222278884415207,0.01,"HLA-E_CD8B","HLA-E - CD8B","MHC-I","Cell-Cell Contact","KEGG: hsa04514"
"DUSP4hi CD4+ T","IL10hi Macrophage","HLA-F","CD8B",0.0118969646802763,0,"HLA-F_CD8B","HLA-F - CD8B","MHC-I","Cell-Cell Contact","KEGG: hsa04514"
"IL10hi Macrophage","IL10hi Macrophage","HLA-F","CD8B",0.0137008912492311,0,"HLA-F_CD8B","HLA-F - CD8B","MHC-I","Cell-Cell Contact","KEGG: hsa04514"
"NK","IL10hi Macrophage","HLA-F","CD8B",0.00942498837630391,0.01,"HLA-F_CD8B","HLA-F - CD8B","MHC-I","Cell-Cell Contact","KEGG: hsa04514"
"Treg","IL10hi Macrophage","HLA-F","CD8B",0.0142093158504613,0,"HLA-F_CD8B","HLA-F - CD8B","MHC-I","Cell-Cell Contact","KEGG: hsa04514"
"16","gamma-delta T","HLA-F","LILRB1",0.00187575046445021,0,"HLA-F_LILRB1","HLA-F - LILRB1","MHC-I","Cell-Cell Contact","PMID: 28484462"
"DUSP4hi CD4+ T","gamma-delta T","HLA-F","LILRB1",0.00901028596809927,0,"HLA-F_LILRB1","HLA-F - LILRB1","MHC-I","Cell-Cell Contact","PMID: 28484462"
"gamma-delta T","gamma-delta T","HLA-F","LILRB1",0.00458750306662591,0,"HLA-F_LILRB1","HLA-F - LILRB1","MHC-I","Cell-Cell Contact","PMID: 28484462"
"IL10hi Macrophage","gamma-delta T","HLA-F","LILRB1",0.010381106482618,0,"HLA-F_LILRB1","HLA-F - LILRB1","MHC-I","Cell-Cell Contact","PMID: 28484462"
"NK","gamma-delta T","HLA-F","LILRB1",0.00713377946850238,0,"HLA-F_LILRB1","HLA-F - LILRB1","MHC-I","Cell-Cell Contact","PMID: 28484462"
"Treg","gamma-delta T","HLA-F","LILRB1",0.0107676825552554,0,"HLA-F_LILRB1","HLA-F - LILRB1","MHC-I","Cell-Cell Contact","PMID: 28484462"
"DUSP4hi CD4+ T","gamma-delta T","HLA-DPA1","CD4",0.0756982793116512,0,"HLA-DPA1_CD4","HLA-DPA1 - CD4","MHC-II","Cell-Cell Contact","KEGG: hsa04514"
"gamma-delta T","gamma-delta T","HLA-DPA1","CD4",0.168986857991592,0,"HLA-DPA1_CD4","HLA-DPA1 - CD4","MHC-II","Cell-Cell Contact","KEGG: hsa04514"
"IL10hi Macrophage","gamma-delta T","HLA-DPA1","CD4",0.0530303116808615,0,"HLA-DPA1_CD4","HLA-DPA1 - CD4","MHC-II","Cell-Cell Contact","KEGG: hsa04514"
"gamma-delta T","IL10hi Macrophage","HLA-DPA1","CD4",0.056951146145242,0,"HLA-DPA1_CD4","HLA-DPA1 - CD4","MHC-II","Cell-Cell Contact","KEGG: hsa04514"
"DUSP4hi CD4+ T","NK","HLA-DPA1","CD4",0.0648870123613932,0,"HLA-DPA1_CD4","HLA-DPA1 - CD4","MHC-II","Cell-Cell Contact","KEGG: hsa04514"
"gamma-delta T","NK","HLA-DPA1","CD4",0.146970604198124,0,"HLA-DPA1_CD4","HLA-DPA1 - CD4","MHC-II","Cell-Cell Contact","KEGG: hsa04514"
"IL10hi Macrophage","NK","HLA-DPA1","CD4",0.0452978356725252,0,"HLA-DPA1_CD4","HLA-DPA1 - CD4","MHC-II","Cell-Cell Contact","KEGG: hsa04514"
"gamma-delta T","Treg","HLA-DPA1","CD4",0.106603562457786,0,"HLA-DPA1_CD4","HLA-DPA1 - CD4","MHC-II","Cell-Cell Contact","KEGG: hsa04514"
"DUSP4hi CD4+ T","gamma-delta T","HLA-DPB1","CD4",0.0333743906703853,0.01,"HLA-DPB1_CD4","HLA-DPB1 - CD4","MHC-II","Cell-Cell Contact","KEGG: hsa04514"
"gamma-delta T","gamma-delta T","HLA-DPB1","CD4",0.127980409740904,0,"HLA-DPB1_CD4","HLA-DPB1 - CD4","MHC-II","Cell-Cell Contact","KEGG: hsa04514"
"IL10hi Macrophage","gamma-delta T","HLA-DPB1","CD4",0.0359923965809966,0,"HLA-DPB1_CD4","HLA-DPB1 - CD4","MHC-II","Cell-Cell Contact","KEGG: hsa04514"
"gamma-delta T","IL10hi Macrophage","HLA-DPB1","CD4",0.0417650033640349,0,"HLA-DPB1_CD4","HLA-DPB1 - CD4","MHC-II","Cell-Cell Contact","KEGG: hsa04514"
"gamma-delta T","NK","HLA-DPB1","CD4",0.110595627674099,0,"HLA-DPB1_CD4","HLA-DPB1 - CD4","MHC-II","Cell-Cell Contact","KEGG: hsa04514"
"IL10hi Macrophage","NK","HLA-DPB1","CD4",0.0306638141891998,0,"HLA-DPB1_CD4","HLA-DPB1 - CD4","MHC-II","Cell-Cell Contact","KEGG: hsa04514"
"gamma-delta T","Treg","HLA-DPB1","CD4",0.0792906991983379,0,"HLA-DPB1_CD4","HLA-DPB1 - CD4","MHC-II","Cell-Cell Contact","KEGG: hsa04514"
"gamma-delta T","gamma-delta T","HLA-DQA1","CD4",0.0576215757200709,0,"HLA-DQA1_CD4","HLA-DQA1 - CD4","MHC-II","Cell-Cell Contact","KEGG: hsa04514"
"gamma-delta T","IL10hi Macrophage","HLA-DQA1","CD4",0.0178347730806187,0,"HLA-DQA1_CD4","HLA-DQA1 - CD4","MHC-II","Cell-Cell Contact","KEGG: hsa04514"
"gamma-delta T","NK","HLA-DQA1","CD4",0.0492544571610033,0,"HLA-DQA1_CD4","HLA-DQA1 - CD4","MHC-II","Cell-Cell Contact","KEGG: hsa04514"
"gamma-delta T","Treg","HLA-DQA1","CD4",0.0346364332090058,0,"HLA-DQA1_CD4","HLA-DQA1 - CD4","MHC-II","Cell-Cell Contact","KEGG: hsa04514"
"DUSP4hi CD4+ T","gamma-delta T","HLA-DMA","CD4",0.0206931128900941,0,"HLA-DMA_CD4","HLA-DMA - CD4","MHC-II","Cell-Cell Contact","KEGG: hsa04514"
"gamma-delta T","gamma-delta T","HLA-DMA","CD4",0.0554189849970761,0,"HLA-DMA_CD4","HLA-DMA - CD4","MHC-II","Cell-Cell Contact","KEGG: hsa04514"
"gamma-delta T","IL10hi Macrophage","HLA-DMA","CD4",0.0171253992497135,0,"HLA-DMA_CD4","HLA-DMA - CD4","MHC-II","Cell-Cell Contact","KEGG: hsa04514"
"DUSP4hi CD4+ T","NK","HLA-DMA","CD4",0.0175882253072865,0,"HLA-DMA_CD4","HLA-DMA - CD4","MHC-II","Cell-Cell Contact","KEGG: hsa04514"
"gamma-delta T","NK","HLA-DMA","CD4",0.0473556283799544,0,"HLA-DMA_CD4","HLA-DMA - CD4","MHC-II","Cell-Cell Contact","KEGG: hsa04514"
"DUSP4hi CD4+ T","Treg","HLA-DMA","CD4",0.0122472261914681,0.04,"HLA-DMA_CD4","HLA-DMA - CD4","MHC-II","Cell-Cell Contact","KEGG: hsa04514"
"gamma-delta T","Treg","HLA-DMA","CD4",0.0332814226165098,0,"HLA-DMA_CD4","HLA-DMA - CD4","MHC-II","Cell-Cell Contact","KEGG: hsa04514"
"gamma-delta T","DUSP4hi CD4+ T","HLA-DMB","CD4",0.0100040236189381,0,"HLA-DMB_CD4","HLA-DMB - CD4","MHC-II","Cell-Cell Contact","KEGG: hsa04514"
"gamma-delta T","gamma-delta T","HLA-DMB","CD4",0.074362018948416,0,"HLA-DMB_CD4","HLA-DMB - CD4","MHC-II","Cell-Cell Contact","KEGG: hsa04514"
"gamma-delta T","IL10hi Macrophage","HLA-DMB","CD4",0.0233020180550784,0,"HLA-DMB_CD4","HLA-DMB - CD4","MHC-II","Cell-Cell Contact","KEGG: hsa04514"
"gamma-delta T","NK","HLA-DMB","CD4",0.0637284390437857,0,"HLA-DMB_CD4","HLA-DMB - CD4","MHC-II","Cell-Cell Contact","KEGG: hsa04514"
"gamma-delta T","Treg","HLA-DMB","CD4",0.0450181442972544,0,"HLA-DMB_CD4","HLA-DMB - CD4","MHC-II","Cell-Cell Contact","KEGG: hsa04514"
"gamma-delta T","DUSP4hi CD4+ T","HLA-DOA","CD4",0.00166016067993664,0.01,"HLA-DOA_CD4","HLA-DOA - CD4","MHC-II","Cell-Cell Contact","KEGG: hsa04514"
"gamma-delta T","gamma-delta T","HLA-DOA","CD4",0.0130477785586023,0,"HLA-DOA_CD4","HLA-DOA - CD4","MHC-II","Cell-Cell Contact","KEGG: hsa04514"
"gamma-delta T","IL10hi Macrophage","HLA-DOA","CD4",0.00391076691384284,0,"HLA-DOA_CD4","HLA-DOA - CD4","MHC-II","Cell-Cell Contact","KEGG: hsa04514"
"gamma-delta T","NK","HLA-DOA","CD4",0.0110770558318061,0,"HLA-DOA_CD4","HLA-DOA - CD4","MHC-II","Cell-Cell Contact","KEGG: hsa04514"
"gamma-delta T","Treg","HLA-DOA","CD4",0.00769780425717875,0,"HLA-DOA_CD4","HLA-DOA - CD4","MHC-II","Cell-Cell Contact","KEGG: hsa04514"
"gamma-delta T","gamma-delta T","HLA-DQB1","CD4",0.10931488826007,0,"HLA-DQB1_CD4","HLA-DQB1 - CD4","MHC-II","Cell-Cell Contact","KEGG: hsa04514"
"IL10hi Macrophage","gamma-delta T","HLA-DQB1","CD4",0.013661249542728,0.03,"HLA-DQB1_CD4","HLA-DQB1 - CD4","MHC-II","Cell-Cell Contact","KEGG: hsa04514"
"gamma-delta T","IL10hi Macrophage","HLA-DQB1","CD4",0.0351666240503248,0,"HLA-DQB1_CD4","HLA-DQB1 - CD4","MHC-II","Cell-Cell Contact","KEGG: hsa04514"
"gamma-delta T","NK","HLA-DQB1","CD4",0.0941917443745456,0,"HLA-DQB1_CD4","HLA-DQB1 - CD4","MHC-II","Cell-Cell Contact","KEGG: hsa04514"
"gamma-delta T","Treg","HLA-DQB1","CD4",0.067179341192312,0,"HLA-DQB1_CD4","HLA-DQB1 - CD4","MHC-II","Cell-Cell Contact","KEGG: hsa04514"
"gamma-delta T","gamma-delta T","HLA-DRA","CD4",0.194115444780469,0,"HLA-DRA_CD4","HLA-DRA - CD4","MHC-II","Cell-Cell Contact","KEGG: hsa04514"
"IL10hi Macrophage","gamma-delta T","HLA-DRA","CD4",0.0373452692142276,0.03,"HLA-DRA_CD4","HLA-DRA - CD4","MHC-II","Cell-Cell Contact","KEGG: hsa04514"
"gamma-delta T","IL10hi Macrophage","HLA-DRA","CD4",0.0667582087682139,0,"HLA-DRA_CD4","HLA-DRA - CD4","MHC-II","Cell-Cell Contact","KEGG: hsa04514"
"gamma-delta T","NK","HLA-DRA","CD4",0.169493075317404,0,"HLA-DRA_CD4","HLA-DRA - CD4","MHC-II","Cell-Cell Contact","KEGG: hsa04514"
"IL10hi Macrophage","NK","HLA-DRA","CD4",0.0318230092676176,0,"HLA-DRA_CD4","HLA-DRA - CD4","MHC-II","Cell-Cell Contact","KEGG: hsa04514"
"gamma-delta T","Treg","HLA-DRA","CD4",0.123838051306808,0,"HLA-DRA_CD4","HLA-DRA - CD4","MHC-II","Cell-Cell Contact","KEGG: hsa04514"
"16","gamma-delta T","HLA-DRB1","CD4",0.0413054696713391,0.03,"HLA-DRB1_CD4","HLA-DRB1 - CD4","MHC-II","Cell-Cell Contact","KEGG: hsa04514"
"DUSP4hi CD4+ T","gamma-delta T","HLA-DRB1","CD4",0.0485408571086408,0.01,"HLA-DRB1_CD4","HLA-DRB1 - CD4","MHC-II","Cell-Cell Contact","KEGG: hsa04514"
"gamma-delta T","gamma-delta T","HLA-DRB1","CD4",0.185778616460593,0,"HLA-DRB1_CD4","HLA-DRB1 - CD4","MHC-II","Cell-Cell Contact","KEGG: hsa04514"
"IL10hi Macrophage","gamma-delta T","HLA-DRB1","CD4",0.0449591409214973,0.01,"HLA-DRB1_CD4","HLA-DRB1 - CD4","MHC-II","Cell-Cell Contact","KEGG: hsa04514"
"gamma-delta T","IL10hi Macrophage","HLA-DRB1","CD4",0.0634603724494408,0,"HLA-DRB1_CD4","HLA-DRB1 - CD4","MHC-II","Cell-Cell Contact","KEGG: hsa04514"
"gamma-delta T","NK","HLA-DRB1","CD4",0.162001146418525,0,"HLA-DRB1_CD4","HLA-DRB1 - CD4","MHC-II","Cell-Cell Contact","KEGG: hsa04514"
"IL10hi Macrophage","NK","HLA-DRB1","CD4",0.0383558735597678,0,"HLA-DRB1_CD4","HLA-DRB1 - CD4","MHC-II","Cell-Cell Contact","KEGG: hsa04514"
"gamma-delta T","Treg","HLA-DRB1","CD4",0.118077249710596,0,"HLA-DRB1_CD4","HLA-DRB1 - CD4","MHC-II","Cell-Cell Contact","KEGG: hsa04514"
"gamma-delta T","gamma-delta T","HLA-DRB5","CD4",0.09052578505633,0,"HLA-DRB5_CD4","HLA-DRB5 - CD4","MHC-II","Cell-Cell Contact","KEGG: hsa04514"
"IL10hi Macrophage","gamma-delta T","HLA-DRB5","CD4",0.00621242504340194,0.03,"HLA-DRB5_CD4","HLA-DRB5 - CD4","MHC-II","Cell-Cell Contact","KEGG: hsa04514"
"gamma-delta T","IL10hi Macrophage","HLA-DRB5","CD4",0.0287113402123792,0,"HLA-DRB5_CD4","HLA-DRB5 - CD4","MHC-II","Cell-Cell Contact","KEGG: hsa04514"
"gamma-delta T","NK","HLA-DRB5","CD4",0.0777750369024545,0,"HLA-DRB5_CD4","HLA-DRB5 - CD4","MHC-II","Cell-Cell Contact","KEGG: hsa04514"
"gamma-delta T","Treg","HLA-DRB5","CD4",0.0551838119919094,0,"HLA-DRB5_CD4","HLA-DRB5 - CD4","MHC-II","Cell-Cell Contact","KEGG: hsa04514"
"16","16","MPZL1","MPZL1",0.0126095868652908,0,"MPZL1_MPZL1","MPZL1 - MPZL1","MPZ","Cell-Cell Contact","KEGG: hsa04514"
"gamma-delta T","16","MPZL1","MPZL1",0.00181010115216556,0,"MPZL1_MPZL1","MPZL1 - MPZL1","MPZ","Cell-Cell Contact","KEGG: hsa04514"
"16","gamma-delta T","MPZL1","MPZL1",0.00181010115216556,0,"MPZL1_MPZL1","MPZL1 - MPZL1","MPZ","Cell-Cell Contact","KEGG: hsa04514"
"16","DUSP4hi CD4+ T","NECTIN1","CD96",0.00184306759697754,0.01,"NECTIN1_CD96","NECTIN1 - CD96","NECTIN","Cell-Cell Contact","PMID: 23027581"
"16","IL10hi Macrophage","NECTIN1","CD96",0.00545690836142603,0,"NECTIN1_CD96","NECTIN1 - CD96","NECTIN","Cell-Cell Contact","PMID: 23027581"
"16","NK","NECTIN1","CD96",0.00536205740897795,0,"NECTIN1_CD96","NECTIN1 - CD96","NECTIN","Cell-Cell Contact","PMID: 23027581"
"16","Treg","NECTIN1","CD96",0.00274697596730407,0,"NECTIN1_CD96","NECTIN1 - CD96","NECTIN","Cell-Cell Contact","PMID: 23027581"
"16","16","NECTIN3","NECTIN1",0.000273888032409207,0,"NECTIN3_NECTIN1","NECTIN3 - NECTIN1","NECTIN","Cell-Cell Contact","PMID: 23027581"
"Treg","16","NECTIN3","NECTIN1",0.0008741277531729,0.01,"NECTIN3_NECTIN1","NECTIN3 - NECTIN1","NECTIN","Cell-Cell Contact","PMID: 23027581"
"16","16","NECTIN3","NECTIN2",0.000702844161335214,0,"NECTIN3_NECTIN2","NECTIN3 - NECTIN2","NECTIN","Cell-Cell Contact","PMID: 23027581"
"Treg","16","NECTIN3","NECTIN2",0.00224105597033273,0,"NECTIN3_NECTIN2","NECTIN3 - NECTIN2","NECTIN","Cell-Cell Contact","PMID: 23027581"
"16","DUSP4hi CD4+ T","NECTIN3","TIGIT",0.000516103510657017,0.03,"NECTIN3_TIGIT","NECTIN3 - TIGIT","NECTIN","Cell-Cell Contact","KEGG: hsa04514; PMID: 1313846"
"Treg","DUSP4hi CD4+ T","NECTIN3","TIGIT",0.00164629678013992,0.02,"NECTIN3_TIGIT","NECTIN3 - TIGIT","NECTIN","Cell-Cell Contact","KEGG: hsa04514; PMID: 1313846"
"16","IL10hi Macrophage","NECTIN3","TIGIT",0.000165709410724812,0.03,"NECTIN3_TIGIT","NECTIN3 - TIGIT","NECTIN","Cell-Cell Contact","KEGG: hsa04514; PMID: 1313846"
"Treg","IL10hi Macrophage","NECTIN3","TIGIT",0.000528995561935273,0.02,"NECTIN3_TIGIT","NECTIN3 - TIGIT","NECTIN","Cell-Cell Contact","KEGG: hsa04514; PMID: 1313846"
"16","NK","NECTIN2","CD226",0.000724262834316958,0,"NECTIN2_CD226","NECTIN2 - CD226","NECTIN","Cell-Cell Contact","KEGG: hsa04514"
"16","DUSP4hi CD4+ T","NECTIN2","TIGIT",0.00359439503966965,0,"NECTIN2_TIGIT","NECTIN2 - TIGIT","NECTIN","Cell-Cell Contact","KEGG: hsa04514"
"16","IL10hi Macrophage","NECTIN2","TIGIT",0.00115649890579405,0,"NECTIN2_TIGIT","NECTIN2 - TIGIT","NECTIN","Cell-Cell Contact","KEGG: hsa04514"
"16","NK","NECTIN2","TIGIT",0.000675152520101821,0,"NECTIN2_TIGIT","NECTIN2 - TIGIT","NECTIN","Cell-Cell Contact","KEGG: hsa04514"
"16","16","NECTIN1","NECTIN3",0.000273888032409207,0,"NECTIN1_NECTIN3","NECTIN1 - NECTIN3","NECTIN","Cell-Cell Contact","KEGG: hsa04514"
"16","Treg","NECTIN1","NECTIN3",0.0008741277531729,0.01,"NECTIN1_NECTIN3","NECTIN1 - NECTIN3","NECTIN","Cell-Cell Contact","KEGG: hsa04514"
"16","16","NEGR1","NEGR1",5.33536848834897e-05,0.02,"NEGR1_NEGR1","NEGR1 - NEGR1","NEGR","Cell-Cell Contact","KEGG: hsa04514"
"16","16","DLK1","NOTCH1",0.000402460417005467,0.01,"DLK1_NOTCH1","DLK1 - NOTCH1","NOTCH","Cell-Cell Contact","PMID: 22353464"
"16","gamma-delta T","DLK1","NOTCH1",0.000323959402702957,0,"DLK1_NOTCH1","DLK1 - NOTCH1","NOTCH","Cell-Cell Contact","PMID: 22353464"
"16","IL10hi Macrophage","DLK1","NOTCH1",0.000101923014861866,0.02,"DLK1_NOTCH1","DLK1 - NOTCH1","NOTCH","Cell-Cell Contact","PMID: 22353464"
"16","16","DLK1","NOTCH2",0.000411388737639752,0,"DLK1_NOTCH2","DLK1 - NOTCH2","NOTCH","Cell-Cell Contact","PMID: 22353464"
"16","gamma-delta T","DLK1","NOTCH2",0.00094523645514769,0,"DLK1_NOTCH2","DLK1 - NOTCH2","NOTCH","Cell-Cell Contact","PMID: 22353464"
"16","IL10hi Macrophage","DLK1","NOTCH2",5.89568673825054e-05,0.03,"DLK1_NOTCH2","DLK1 - NOTCH2","NOTCH","Cell-Cell Contact","PMID: 22353464"
"16","NK","DLK1","NOTCH2",6.16494731802656e-05,0.03,"DLK1_NOTCH2","DLK1 - NOTCH2","NOTCH","Cell-Cell Contact","PMID: 22353464"
"16","16","DLK1","NOTCH3",0.00289991332069422,0,"DLK1_NOTCH3","DLK1 - NOTCH3","NOTCH","Cell-Cell Contact","PMID: 22353464"
"16","gamma-delta T","DLK1","NOTCH3",0.000229657382922159,0,"DLK1_NOTCH3","DLK1 - NOTCH3","NOTCH","Cell-Cell Contact","PMID: 22353464"
"16","IL10hi Macrophage","DLK1","NOTCH3",1.33941812202989e-05,0.03,"DLK1_NOTCH3","DLK1 - NOTCH3","NOTCH","Cell-Cell Contact","PMID: 22353464"
"16","Treg","DLK1","NOTCH3",0.000241189392093684,0.02,"DLK1_NOTCH3","DLK1 - NOTCH3","NOTCH","Cell-Cell Contact","PMID: 22353464"
"16","16","DLK1","NOTCH4",0.000105461865188124,0,"DLK1_NOTCH4","DLK1 - NOTCH4","NOTCH","Cell-Cell Contact","PMID: 22353464"
"16","16","JAG1","NOTCH1",0.00530160486299583,0,"JAG1_NOTCH1","JAG1 - NOTCH1","NOTCH","Cell-Cell Contact","PMID: 22353464"
"16","gamma-delta T","JAG1","NOTCH1",0.00427159575755131,0,"JAG1_NOTCH1","JAG1 - NOTCH1","NOTCH","Cell-Cell Contact","PMID: 22353464"
"16","IL10hi Macrophage","JAG1","NOTCH1",0.00134756225879795,0,"JAG1_NOTCH1","JAG1 - NOTCH1","NOTCH","Cell-Cell Contact","PMID: 22353464"
"16","16","JAG1","NOTCH2",0.00541862833595119,0,"JAG1_NOTCH2","JAG1 - NOTCH2","NOTCH","Cell-Cell Contact","PMID: 22353464"
"16","gamma-delta T","JAG1","NOTCH2",0.0123698223876305,0,"JAG1_NOTCH2","JAG1 - NOTCH2","NOTCH","Cell-Cell Contact","PMID: 22353464"
"16","IL10hi Macrophage","JAG1","NOTCH2",0.000779900342033225,0,"JAG1_NOTCH2","JAG1 - NOTCH2","NOTCH","Cell-Cell Contact","PMID: 22353464"
"16","NK","JAG1","NOTCH2",0.000815492142201571,0.04,"JAG1_NOTCH2","JAG1 - NOTCH2","NOTCH","Cell-Cell Contact","PMID: 22353464"
"16","16","JAG1","NOTCH3",0.0370729868745869,0,"JAG1_NOTCH3","JAG1 - NOTCH3","NOTCH","Cell-Cell Contact","PMID: 22353464"
"16","gamma-delta T","JAG1","NOTCH3",0.00303165289784754,0,"JAG1_NOTCH3","JAG1 - NOTCH3","NOTCH","Cell-Cell Contact","PMID: 22353464"
"16","Treg","JAG1","NOTCH3",0.00318343621841008,0,"JAG1_NOTCH3","JAG1 - NOTCH3","NOTCH","Cell-Cell Contact","PMID: 22353464"
"16","16","JAG1","NOTCH4",0.00139429041243997,0,"JAG1_NOTCH4","JAG1 - NOTCH4","NOTCH","Cell-Cell Contact","PMID: 22353464"
"16","16","NRXN2","NLGN2",0.00167536898376826,0,"NRXN2_NLGN2","NRXN2 - NLGN2","NRXN","Cell-Cell Contact","KEGG: hsa04514"
"16","gamma-delta T","NRXN2","NLGN2",0.00016480924679411,0.01,"NRXN2_NLGN2","NRXN2 - NLGN2","NRXN","Cell-Cell Contact","KEGG: hsa04514"
"16","NK","NRXN2","NLGN2",0.000119857692149903,0,"NRXN2_NLGN2","NRXN2 - NLGN2","NRXN","Cell-Cell Contact","KEGG: hsa04514"
"gamma-delta T","gamma-delta T","PECAM1","PECAM1",0.0246138627827223,0,"PECAM1_PECAM1","PECAM1 - PECAM1","PECAM1","Cell-Cell Contact","KEGG: hsa04514"
"IL10hi Macrophage","gamma-delta T","PECAM1","PECAM1",0.00288722929602369,0.01,"PECAM1_PECAM1","PECAM1 - PECAM1","PECAM1","Cell-Cell Contact","KEGG: hsa04514"
"gamma-delta T","IL10hi Macrophage","PECAM1","PECAM1",0.00288722929602369,0.01,"PECAM1_PECAM1","PECAM1 - PECAM1","PECAM1","Cell-Cell Contact","KEGG: hsa04514"
"16","16","PTPRM","PTPRM",0.00159639771084945,0.01,"PTPRM_PTPRM","PTPRM - PTPRM","PTPRM","Cell-Cell Contact","KEGG: hsa04514"
"NK","gamma-delta T","SELPLG","SELL",0.0061431801330234,0,"SELPLG_SELL","SELPLG - SELL","SELPLG","Cell-Cell Contact","PMC2431087; PMID:  8892633,PMID:  8896607"
"NK","IL10hi Macrophage","SELPLG","SELL",0.00161857006723412,0.03,"SELPLG_SELL","SELPLG - SELL","SELPLG","Cell-Cell Contact","PMC2431087; PMID:  8892633,PMID:  8896607"
"IL10hi Macrophage","NK","SELPLG","SELL",0.00300763499608495,0,"SELPLG_SELL","SELPLG - SELL","SELPLG","Cell-Cell Contact","PMC2431087; PMID:  8892633,PMID:  8896607"
"NK","NK","SELPLG","SELL",0.00869785874847874,0,"SELPLG_SELL","SELPLG - SELL","SELPLG","Cell-Cell Contact","PMC2431087; PMID:  8892633,PMID:  8896607"
"16","16","SEMA4A","NRP1_PLXNA2",0.00350364059434661,0,"SEMA4A_NRP1_PLXNA2","SEMA4A - (NRP1+PLXNA2)","SEMA4","Cell-Cell Contact","PMID: 27533782"
"gamma-delta T","16","SEMA4A","NRP1_PLXNA2",0.00217225480623784,0,"SEMA4A_NRP1_PLXNA2","SEMA4A - (NRP1+PLXNA2)","SEMA4","Cell-Cell Contact","PMID: 27533782"
"16","16","SEMA4A","NRP1_PLXNA3",0.00836973291582177,0,"SEMA4A_NRP1_PLXNA3","SEMA4A - (NRP1+PLXNA3)","SEMA4","Cell-Cell Contact","PMID: 27533782"
"gamma-delta T","16","SEMA4A","NRP1_PLXNA3",0.00519887590168824,0,"SEMA4A_NRP1_PLXNA3","SEMA4A - (NRP1+PLXNA3)","SEMA4","Cell-Cell Contact","PMID: 27533782"
"16","16","SEMA4A","PLXNB2",0.00766845705149678,0,"SEMA4A_PLXNB2","SEMA4A - PLXNB2","SEMA4","Cell-Cell Contact","PMID: 27533782"
"gamma-delta T","16","SEMA4A","PLXNB2",0.00476200120019814,0,"SEMA4A_PLXNB2","SEMA4A - PLXNB2","SEMA4","Cell-Cell Contact","PMID: 27533782"
"16","gamma-delta T","SEMA4A","PLXNB2",0.00777514735622741,0,"SEMA4A_PLXNB2","SEMA4A - PLXNB2","SEMA4","Cell-Cell Contact","PMID: 27533782"
"gamma-delta T","gamma-delta T","SEMA4A","PLXNB2",0.00482845109797122,0,"SEMA4A_PLXNB2","SEMA4A - PLXNB2","SEMA4","Cell-Cell Contact","PMID: 27533782"
"DUSP4hi CD4+ T","16","SEMA4D","PLXNB2",0.00246332764085693,0.04,"SEMA4D_PLXNB2","SEMA4D - PLXNB2","SEMA4","Cell-Cell Contact","PMID: 27533782"
"gamma-delta T","16","SEMA4D","PLXNB2",0.00298870127175748,0.03,"SEMA4D_PLXNB2","SEMA4D - PLXNB2","SEMA4","Cell-Cell Contact","PMID: 27533782"
"IL10hi Macrophage","16","SEMA4D","PLXNB2",0.00691761643973647,0,"SEMA4D_PLXNB2","SEMA4D - PLXNB2","SEMA4","Cell-Cell Contact","PMID: 27533782"
"NK","16","SEMA4D","PLXNB2",0.0142808211255773,0,"SEMA4D_PLXNB2","SEMA4D - PLXNB2","SEMA4","Cell-Cell Contact","PMID: 27533782"
"Treg","16","SEMA4D","PLXNB2",0.00256984346570501,0.03,"SEMA4D_PLXNB2","SEMA4D - PLXNB2","SEMA4","Cell-Cell Contact","PMID: 27533782"
"gamma-delta T","gamma-delta T","SEMA4D","PLXNB2",0.00303048154288018,0.01,"SEMA4D_PLXNB2","SEMA4D - PLXNB2","SEMA4","Cell-Cell Contact","PMID: 27533782"
"IL10hi Macrophage","gamma-delta T","SEMA4D","PLXNB2",0.00701393422714709,0,"SEMA4D_PLXNB2","SEMA4D - PLXNB2","SEMA4","Cell-Cell Contact","PMID: 27533782"
"NK","gamma-delta T","SEMA4D","PLXNB2",0.0144781662017036,0,"SEMA4D_PLXNB2","SEMA4D - PLXNB2","SEMA4","Cell-Cell Contact","PMID: 27533782"
"Treg","gamma-delta T","SEMA4D","PLXNB2",0.00260578365673279,0.02,"SEMA4D_PLXNB2","SEMA4D - PLXNB2","SEMA4","Cell-Cell Contact","PMID: 27533782"
"16","16","SEMA4C","PLXNB2",0.00313340233710105,0,"SEMA4C_PLXNB2","SEMA4C - PLXNB2","SEMA4","Cell-Cell Contact","PMID: 27533782"
"DUSP4hi CD4+ T","16","SEMA4C","PLXNB2",0.00259721431892502,0,"SEMA4C_PLXNB2","SEMA4C - PLXNB2","SEMA4","Cell-Cell Contact","PMID: 27533782"
"IL10hi Macrophage","16","SEMA4C","PLXNB2",0.000530634827564167,0.01,"SEMA4C_PLXNB2","SEMA4C - PLXNB2","SEMA4","Cell-Cell Contact","PMID: 27533782"
"NK","16","SEMA4C","PLXNB2",0.00064974735428698,0.04,"SEMA4C_PLXNB2","SEMA4C - PLXNB2","SEMA4","Cell-Cell Contact","PMID: 27533782"
"16","gamma-delta T","SEMA4C","PLXNB2",0.00317719899707689,0,"SEMA4C_PLXNB2","SEMA4C - PLXNB2","SEMA4","Cell-Cell Contact","PMID: 27533782"
"DUSP4hi CD4+ T","gamma-delta T","SEMA4C","PLXNB2",0.00263353629054994,0,"SEMA4C_PLXNB2","SEMA4C - PLXNB2","SEMA4","Cell-Cell Contact","PMID: 27533782"
"IL10hi Macrophage","gamma-delta T","SEMA4C","PLXNB2",0.000538071332523059,0.01,"SEMA4C_PLXNB2","SEMA4C - PLXNB2","SEMA4","Cell-Cell Contact","PMID: 27533782"
"NK","gamma-delta T","SEMA4C","PLXNB2",0.0006588520441091,0.02,"SEMA4C_PLXNB2","SEMA4C - PLXNB2","SEMA4","Cell-Cell Contact","PMID: 27533782"
"16","gamma-delta T","SEMA5A","PLXNA1",0.00092945348886739,0,"SEMA5A_PLXNA1","SEMA5A - PLXNA1","SEMA5","Cell-Cell Contact","PMID: 27533782"
"16","16","SEMA6B","PLXNA2",0.000135070879622163,0,"SEMA6B_PLXNA2","SEMA6B - PLXNA2","SEMA6","Cell-Cell Contact","PMID: 27533782"
"gamma-delta T","16","SEMA6B","PLXNA2",0.000665030810565904,0,"SEMA6B_PLXNA2","SEMA6B - PLXNA2","SEMA6","Cell-Cell Contact","PMID: 27533782"
"gamma-delta T","DUSP4hi CD4+ T","SIGLEC1","SPN",0.00170687366748957,0,"SIGLEC1_SPN","SIGLEC1 - SPN","SN","Cell-Cell Contact","KEGG: hsa04514; PMID: 11238599"
"gamma-delta T","gamma-delta T","SIGLEC1","SPN",0.000821601512916236,0.01,"SIGLEC1_SPN","SIGLEC1 - SPN","SN","Cell-Cell Contact","KEGG: hsa04514; PMID: 11238599"
"gamma-delta T","IL10hi Macrophage","SIGLEC1","SPN",0.0013653328683916,0,"SIGLEC1_SPN","SIGLEC1 - SPN","SN","Cell-Cell Contact","KEGG: hsa04514; PMID: 11238599"
"gamma-delta T","NK","SIGLEC1","SPN",0.00269784089771491,0,"SIGLEC1_SPN","SIGLEC1 - SPN","SN","Cell-Cell Contact","KEGG: hsa04514; PMID: 11238599"
"gamma-delta T","Treg","SIGLEC1","SPN",0.000810461742613027,0,"SIGLEC1_SPN","SIGLEC1 - SPN","SN","Cell-Cell Contact","KEGG: hsa04514; PMID: 11238599"
"16","gamma-delta T","THY1","ITGAM_ITGB2",0.0279458959826148,0,"THY1_ITGAM_ITGB2","THY1 - (ITGAM+ITGB2)","THY1","Cell-Cell Contact","PMID: 15850796"
"IL10hi Macrophage","gamma-delta T","THY1","ITGAM_ITGB2",0.00112117641060464,0,"THY1_ITGAM_ITGB2","THY1 - (ITGAM+ITGB2)","THY1","Cell-Cell Contact","PMID: 15850796"
"16","gamma-delta T","THY1","ITGAX_ITGB2",0.0426747215657136,0,"THY1_ITGAX_ITGB2","THY1 - (ITGAX+ITGB2)","THY1","Cell-Cell Contact","PMID: 15850796"
"IL10hi Macrophage","gamma-delta T","THY1","ITGAX_ITGB2",0.00173735886037948,0,"THY1_ITGAX_ITGB2","THY1 - (ITGAX+ITGB2)","THY1","Cell-Cell Contact","PMID: 15850796"
"DUSP4hi CD4+ T","16","TIGIT","NECTIN2",0.00359439503966965,0,"TIGIT_NECTIN2","TIGIT - NECTIN2","TIGIT","Cell-Cell Contact","PMID: 1313846; PMID:24987108"
"IL10hi Macrophage","16","TIGIT","NECTIN2",0.00115649890579405,0,"TIGIT_NECTIN2","TIGIT - NECTIN2","TIGIT","Cell-Cell Contact","PMID: 1313846; PMID:24987108"
"NK","16","TIGIT","NECTIN2",0.000675152520101821,0,"TIGIT_NECTIN2","TIGIT - NECTIN2","TIGIT","Cell-Cell Contact","PMID: 1313846; PMID:24987108"
"DUSP4hi CD4+ T","16","ITGA4_ITGB1","VCAM1",0.00128976490035141,0.03,"ITGA4_ITGB1_VCAM1","VCAM1 - (ITGA4+ITGB1)","VCAM","Cell-Cell Contact","KEGG: hsa04514"
"IL10hi Macrophage","16","ITGA4_ITGB1","VCAM1",0.00606390074314055,0,"ITGA4_ITGB1_VCAM1","VCAM1 - (ITGA4+ITGB1)","VCAM","Cell-Cell Contact","KEGG: hsa04514"
"NK","16","ITGA4_ITGB1","VCAM1",0.00762921696352079,0,"ITGA4_ITGB1_VCAM1","VCAM1 - (ITGA4+ITGB1)","VCAM","Cell-Cell Contact","KEGG: hsa04514"
"16","16","ITGA9_ITGB1","VCAM1",0.0047731338747467,0,"ITGA9_ITGB1_VCAM1","VCAM1 - (ITGA9+ITGB1)","VCAM","Cell-Cell Contact","KEGG: hsa04514"
"DUSP4hi CD4+ T","16","ITGA4_ITGB7","VCAM1",0.00192471246088266,0,"ITGA4_ITGB7_VCAM1","VCAM1 - (ITGA4+ITGB7)","VCAM","Cell-Cell Contact","KEGG: hsa04514"
"IL10hi Macrophage","16","ITGA4_ITGB7","VCAM1",0.00429565361906255,0,"ITGA4_ITGB7_VCAM1","VCAM1 - (ITGA4+ITGB7)","VCAM","Cell-Cell Contact","KEGG: hsa04514"
"NK","16","ITGA4_ITGB7","VCAM1",0.00646045756693946,0,"ITGA4_ITGB7_VCAM1","VCAM1 - (ITGA4+ITGB7)","VCAM","Cell-Cell Contact","KEGG: hsa04514"
